DATE,sup,sup_py,sup_ny,r1,w1,r2,w2,wetc
200101상순,61,,,경상남도 진주시,9,광주광역시 광주 동구,8,43
200101중순,69,,,경상남도 진주시,19,광주광역시 광주 동구,9,41
200101하순,50,,,경상남도 진주시,23,광주광역시 광주 동구,7,20
200102상순,65,,,경상남도 진주시,27,광주광역시 광주 동구,8,30
200102중순,73,,,경상남도 진주시,47,광주광역시 광주 동구,9,17
200102하순,55,,,경상남도 진주시,35,광주광역시 광주 동구,7,14
200103상순,82,,,경상남도 진주시,49,경기도 광주시,15,18
200103중순,92,,,경상남도 진주시,60,경기도 광주시,14,18
200103하순,112,,,경상남도 진주시,75,광주광역시 광주 동구,17,20
200104상순,65,,,경상남도 진주시,45,광주광역시 광주 동구,9,11
200104중순,89,,,경상남도 진주시,62,전라남도 나주시,24,3
200104하순,93,,,경상남도 진주시,64,전라남도 나주시,27,3
200105상순,147,,,경상남도 진주시,104,전라남도 나주시,38,5
200105중순,245,,,경상남도 진주시,184,전라남도 나주시,50,11
200105하순,346,,,경상남도 진주시,275,전라남도 나주시,48,24
200106상순,258,,,경상남도 진주시,201,전라남도 나주시,29,28
200106중순,438,,,경상남도 진주시,277,경상남도 밀양시,119,42
200106하순,459,,,경상남도 진주시,215,경상남도 밀양시,197,48
200107상순,432,,,경상남도 밀양시,250,경상남도 진주시,130,52
200107중순,511,,,경상남도 밀양시,228,경상남도 진주시,164,118
200107하순,535,,,경기도 이천시,117,경상남도 밀양시,99,318
200108상순,539,,,경기도 이천시,126,강원도 횡성군,52,362
200108중순,695,,,강원도 평창군,129,강원도 홍천군,103,463
200108하순,1867,,,강원도 평창군,305,강원도 홍천군,284,1278
200109상순,959,,,강원도 평창군,224,강원도 홍천군,208,527
200109중순,678,,,강원도 평창군,226,강원도 횡성군,156,295
200109하순,394,,,강원도 평창군,163,강원도 횡성군,70,161
200110상순,295,,,강원도 평창군,98,강원도 횡성군,77,120
200110중순,282,,,강원도 평창군,123,강원도 횡성군,64,96
200110하순,218,,,강원도 평창군,107,강원도 횡성군,49,62
200111상순,191,,,강원도 평창군,84,강원도 횡성군,26,80
200111중순,136,,,강원도 평창군,46,강원도 횡성군,14,76
200111하순,112,,,강원도 평창군,17,경기도 광주시,13,83
200112상순,111,,,경상남도 밀양시,16,경상남도 진주시,12,83
200112중순,91,,,경상남도 진주시,17,경상남도 밀양시,14,60
200112하순,96,,,경상남도 진주시,18,경상남도 밀양시,15,63
200201상순,69,,,경상남도 진주시,24,광주광역시 광주 동구,11,35
200201중순,72,,,경상남도 진주시,25,광주광역시 광주 남구,7,40
200201하순,135,,,경상남도 진주시,29,광주광역시 광주 동구,25,81
200202상순,109,,,경상남도 진주시,41,광주광역시 광주 동구,19,49
200202중순,51,,,경상남도 진주시,20,광주광역시 광주 동구,12,18
200202하순,61,,,경상남도 진주시,20,광주광역시 광주 동구,12,29
200203상순,78,,,경상남도 진주시,28,광주광역시 광주 동구,20,30
200203중순,101,,,경상남도 진주시,34,광주광역시 광주 동구,30,36
200203하순,98,,,경상남도 진주시,40,광주광역시 광주 동구,30,29
200204상순,91,,,경상남도 진주시,59,광주광역시 광주 동구,16,16
200204중순,148,,,경상남도 진주시,125,전라남도 나주시,21,3
200204하순,116,,,경상남도 진주시,99,전라남도 나주시,15,2
200205상순,162,,,경상남도 진주시,137,전라남도 나주시,18,7
200205중순,227,,,경상남도 진주시,195,전라남도 나주시,19,12
200205하순,313,,,경상남도 진주시,281,전라남도 나주시,20,11
200206상순,196,,,경상남도 진주시,163,경상남도 밀양시,22,11
200206중순,273,,,경상남도 진주시,159,경상남도 밀양시,102,13
200206하순,249,,,경상남도 밀양시,135,경상남도 진주시,103,11
200207상순,287,,,경상남도 밀양시,148,경상남도 진주시,99,40
200207중순,312,,,경상남도 밀양시,133,경상남도 진주시,106,73
200207하순,351,,,경기도 이천시,85,경상남도 밀양시,71,195
200208상순,396,,,경기도 이천시,94,경상북도 예천군,44,259
200208중순,344,,,강원도 홍천군,73,강원도 횡성군,44,226
200208하순,1135,,,강원도 홍천군,285,강원도 횡성군,177,673
200209상순,976,,,강원도 홍천군,265,강원도 횡성군,215,496
200209중순,916,,,강원도 횡성군,235,강원도 홍천군,207,475
200209하순,329,,,강원도 횡성군,129,강원도 평창군,91,109
200210상순,335,,,강원도 평창군,127,강원도 횡성군,98,110
200210중순,254,,,강원도 평창군,110,강원도 횡성군,58,86
200210하순,246,,,강원도 평창군,132,강원도 횡성군,43,71
200211상순,120,,,강원도 평창군,62,강원도 횡성군,19,39
200211중순,97,,,강원도 평창군,46,광주광역시 광주 동구,9,42
200211하순,73,,,강원도 평창군,16,광주광역시 광주 동구,13,43
200212상순,53,,,광주광역시 광주 동구,17,경기도 광주시,15,21
200212중순,50,,,광주광역시 광주 동구,17,경기도 광주시,16,17
200212하순,49,,,광주광역시 광주 동구,20,경기도 광주시,14,15
200301상순,47,,,광주광역시 광주 동구,18,경기도 광주시,18,10
200301중순,47,,,경기도 광주시,18,광주광역시 광주 동구,18,12
200301하순,59,,,광주광역시 광주 동구,22,경기도 광주시,18,18
200302상순,24,,,경기도 광주시,9,광주광역시 광주 동구,8,7
200302중순,56,,,광주광역시 광주 동구,19,경기도 광주시,15,22
200302하순,47,,,경상남도 진주시,23,광주광역시 광주 동구,10,14
200303상순,56,,,경상남도 진주시,32,광주광역시 광주 동구,10,14
200303중순,85,,,경상남도 진주시,56,광주광역시 광주 동구,11,19
200303하순,98,,,경상남도 진주시,66,경기도 광주시,10,21
200304상순,87,,,경상남도 진주시,63,전라남도 나주시,9,15
200304중순,68,,,경상남도 진주시,38,전라남도 나주시,17,13
200304하순,79,,,경상남도 진주시,51,전라남도 나주시,24,5
200305상순,103,,,경상남도 진주시,73,전라남도 나주시,27,3
200305중순,147,,,경상남도 진주시,110,전라남도 나주시,29,7
200305하순,184,,,경상남도 진주시,140,전라남도 나주시,30,14
200306상순,166,,,경상남도 진주시,127,전라남도 나주시,24,14
200306중순,207,,,경상남도 진주시,142,경상남도 밀양시,34,32
200306하순,214,,,경상남도 밀양시,101,경상남도 진주시,80,33
200307상순,341,,,경상남도 밀양시,186,경상남도 진주시,112,43
200307중순,302,,,경상남도 밀양시,168,경상남도 진주시,80,54
200307하순,363,,,경상남도 밀양시,114,경상남도 진주시,100,148
200308상순,296,,,경기도 이천시,106,강원도 홍천군,24,166
200308중순,694,,,강원도 홍천군,146,경기도 이천시,136,413
200308하순,870,,,강원도 홍천군,279,경기도 이천시,114,477
200309상순,563,,,강원도 홍천군,244,강원도 춘천시,78,240
200309중순,397,,,강원도 홍천군,154,강원도 횡성군,71,172
200309하순,288,,,강원도 횡성군,84,강원도 홍천군,77,128
200310상순,213,,,강원도 횡성군,57,강원도 평창군,53,103
200310중순,133,,,강원도 횡성군,48,강원도 평창군,30,55
200310하순,124,,,강원도 횡성군,39,강원도 평창군,29,55
200311상순,104,,,강원도 평창군,31,강원도 횡성군,25,48
200311중순,106,,,강원도 평창군,25,경기도 광주시,12,68
200311하순,63,,,강원도 평창군,13,경기도 광주시,10,40
200312상순,69,,,경기도 광주시,16,광주광역시 광주 동구,13,40
200312중순,79,,,광주광역시 광주 동구,19,경기도 광주시,17,43
200312하순,73,,,광주광역시 광주 동구,20,경기도 광주시,19,34
200401상순,72,,,경기도 광주시,23,광주광역시 광주 동구,19,30
200401중순,77,,,경기도 광주시,22,광주광역시 광주 동구,21,34
200401하순,60,,,광주광역시 광주 동구,16,경기도 광주시,16,28
200402상순,79,,,경상남도 진주시,40,경기도 광주시,14,25
200402중순,80,,,경상남도 진주시,52,경기도 광주시,12,16
200402하순,59,,,경상남도 진주시,40,경기도 광주시,7,12
200403상순,83,,,경상남도 진주시,45,광주광역시 광주 동구,16,22
200403중순,78,,,경상남도 진주시,46,경기도 광주시,11,21
200403하순,85,,,경상남도 진주시,43,경기도 광주시,16,25
200404상순,94,,,경상남도 진주시,46,전라남도 나주시,29,18
200404중순,88,,,경상남도 진주시,49,전라남도 나주시,29,9
200404하순,109,,,경상남도 진주시,67,전라남도 나주시,31,11
200405상순,141,,,경상남도 진주시,103,전라남도 나주시,25,14
200405중순,173,,,경상남도 진주시,131,전라남도 나주시,21,22
200405하순,207,,,경상남도 진주시,149,전라남도 나주시,24,33
200406상순,278,,,경상남도 진주시,197,경상남도 밀양시,36,45
200406중순,284,,,경상남도 진주시,149,경상남도 밀양시,94,41
200406하순,343,,,경상남도 밀양시,154,경상남도 진주시,140,49
200407상순,371,,,경상남도 밀양시,193,경상남도 진주시,111,67
200407중순,285,,,경상남도 밀양시,119,경상남도 진주시,81,85
200407하순,313,,,경상남도 밀양시,84,경기도 이천시,53,176
200408상순,519,,,강원도 영월군,106,경기도 이천시,103,309
200408중순,888,,,강원도 영월군,235,강원도 홍천군,170,483
200408하순,1097,,,강원도 영월군,268,강원도 홍천군,247,582
200409상순,540,,,강원도 영월군,132,강원도 홍천군,116,292
200409중순,387,,,강원도 홍천군,82,강원도 영월군,76,229
200409하순,305,,,강원도 홍천군,89,강원도 춘천시,61,155
200410상순,280,,,강원도 횡성군,79,강원도 평창군,64,136
200410중순,97,,,강원도 횡성군,37,강원도 정선군,25,35
200410하순,110,,,강원도 평창군,31,강원도 횡성군,23,56
200411상순,107,,,강원도 평창군,36,강원도 횡성군,13,58
200411중순,89,,,강원도 평창군,26,광주광역시 광주 동구,10,54
200411하순,69,,,광주광역시 광주 동구,11,전라남도 나주시,8,50
200412상순,66,,,광주광역시 광주 동구,13,전라남도 나주시,8,45
200412중순,63,,,광주광역시 광주 동구,15,전라남도 나주시,11,37
200412하순,83,,,광주광역시 광주 동구,20,경기도 광주시,13,50
200501상순,52,,,광주광역시 광주 동구,15,전라남도 나주시,9,28
200501중순,64,,,광주광역시 광주 동구,19,경기도 광주시,13,32
200501하순,60,,,광주광역시 광주 동구,19,경기도 광주시,13,28
200502상순,62,,,경상남도 진주시,21,광주광역시 광주 동구,14,27
200502중순,73,,,경상남도 진주시,33,광주광역시 광주 동구,16,24
200502하순,52,,,경상남도 진주시,28,광주광역시 광주 동구,8,16
200503상순,69,,,경상남도 진주시,47,경기도 광주시,7,14
200503중순,59,,,경상남도 진주시,38,전라남도 나주시,9,12
200503하순,86,,,경상남도 진주시,47,전라남도 나주시,21,18
200504상순,71,,,경상남도 진주시,43,전라남도 나주시,26,3
200504중순,79,,,경상남도 진주시,46,전라남도 나주시,30,3
200504하순,97,,,경상남도 진주시,69,전라남도 나주시,25,3
200505상순,117,,,경상남도 진주시,84,전라남도 나주시,26,6
200505중순,157,,,경상남도 진주시,124,전라남도 나주시,28,6
200505하순,167,,,경상남도 진주시,131,전라남도 나주시,24,12
200506상순,106,,,경상남도 진주시,75,전라남도 나주시,17,13
200506중순,267,,,경상남도 진주시,150,경상남도 밀양시,70,48
200506하순,261,,,경상남도 진주시,119,경상남도 밀양시,97,44
200507상순,304,,,경상남도 밀양시,130,경상남도 진주시,118,56
200507중순,352,,,경상남도 밀양시,158,경상남도 진주시,107,87
200507하순,284,,,경상남도 밀양시,85,경상남도 진주시,69,130
200508상순,413,,,경기도 이천시,111,강원도 홍천군,79,224
200508중순,706,,,강원도 홍천군,284,강원도 영월군,88,334
200508하순,878,,,강원도 홍천군,347,강원도 영월군,156,374
200509상순,682,,,강원도 홍천군,335,강원도 영월군,75,271
200509중순,271,,,강원도 홍천군,95,강원도 횡성군,54,121
200509하순,479,,,강원도 횡성군,153,강원도 평창군,135,191
200510상순,211,,,강원도 평창군,79,강원도 횡성군,59,73
200510중순,191,,,강원도 평창군,92,강원도 횡성군,40,60
200510하순,168,,,강원도 평창군,93,강원도 횡성군,18,58
200511상순,181,,,강원도 평창군,66,강원도 횡성군,18,97
200511중순,109,,,광주광역시 광주 동구,17,충청남도 공주시,13,79
200511하순,105,,,광주광역시 광주 동구,21,경상남도 밀양시,15,69
200512상순,109,,,광주광역시 광주 동구,21,경상남도 밀양시,14,74
200512중순,90,,,광주광역시 광주 동구,19,광주광역시 광산구,15,57
200512하순,118,,,광주광역시 광주 동구,24,광주광역시 광산구,18,76
200601상순,72,,,광주광역시 광주 동구,19,경상남도 진주시,13,40
200601중순,55,,,경상남도 진주시,12,광주광역시 광주 동구,11,32
200601하순,57,,,경상남도 진주시,19,광주광역시 광주 동구,9,30
200602상순,53,,,경상남도 진주시,23,광주광역시 광주 동구,12,17
200602중순,54,,,경상남도 진주시,28,광주광역시 광산구,6,20
200602하순,39,,,경상남도 진주시,24,광주광역시 광산구,4,11
200603상순,42,,,경상남도 진주시,21,광주광역시 광산구,7,15
200603중순,30,,,경상남도 진주시,18,광주광역시 광산구,4,8
200603하순,84,,,경상남도 진주시,47,광주광역시 광주 동구,14,23
200604상순,62,,,경상남도 진주시,37,전라남도 나주시,10,14
200604중순,50,,,경상남도 진주시,33,전라남도 나주시,13,5
200604하순,13,,,경상남도 진주시,12,전라남도 나주시,1,0
200605상순,71,,,경상남도 진주시,64,전라남도 나주시,4,3
200605중순,174,,,경상남도 진주시,154,전라남도 나주시,11,9
200605하순,270,,,경상남도 진주시,242,전라남도 나주시,14,14
200606상순,233,,,경상남도 진주시,202,전라남도 나주시,14,16
200606중순,243,,,경상남도 진주시,177,경상남도 밀양시,48,18
200606하순,342,,,경상남도 진주시,209,경상남도 밀양시,108,26
200607상순,147,,,경상남도 진주시,73,경상남도 밀양시,59,15
200607중순,258,,,경상남도 밀양시,117,경상남도 진주시,81,59
200607하순,291,,,경상남도 밀양시,95,경상남도 진주시,70,126
200608상순,520,,,경기도 이천시,120,강원도 홍천군,61,339
200608중순,1030,,,강원도 홍천군,188,경기도 이천시,155,687
200608하순,1340,,,강원도 홍천군,375,강원도 영월군,148,817
200609상순,383,,,강원도 홍천군,115,강원도 횡성군,44,224
200609중순,253,,,강원도 홍천군,78,강원도 횡성군,33,141
200609하순,426,,,강원도 홍천군,127,강원도 횡성군,92,207
200610상순,168,,,강원도 횡성군,66,강원도 평창군,42,60
200610중순,206,,,강원도 평창군,70,강원도 횡성군,52,84
200610하순,144,,,강원도 평창군,66,강원도 횡성군,33,45
200611상순,105,,,강원도 평창군,56,강원도 횡성군,15,35
200611중순,100,,,강원도 평창군,50,강원도 정선군,11,40
200611하순,120,,,강원도 평창군,38,광주광역시 광주 동구,14,68
200612상순,85,,,광주광역시 광주 동구,14,충청남도 공주시,13,58
200612중순,65,,,광주광역시 광주 동구,12,충청남도 공주시,10,43
200612하순,108,,,광주광역시 광주 동구,20,광주광역시 광산구,15,72
200701상순,82,,,경상남도 진주시,15,광주광역시 광주 동구,15,52
200701중순,77,,,광주광역시 광주 동구,15,경상남도 진주시,13,49
200701하순,90,,,광주광역시 광주 동구,24,경상남도 진주시,16,49
200702상순,117,,,광주광역시 광주 동구,32,광주광역시 광산구,23,61
200702중순,95,,,광주광역시 광산구,23,광주광역시 광주 동구,22,50
200702하순,85,,,경상남도 진주시,27,광주광역시 광주 동구,17,41
200703상순,103,,,경상남도 진주시,46,광주광역시 광주 동구,19,38
200703중순,100,,,경상남도 진주시,49,광주광역시 광산구,19,32
200703하순,153,,,경상남도 진주시,93,광주광역시 광산구,20,40
200704상순,130,,,경상남도 진주시,94,전라남도 나주시,12,24
200704중순,171,,,경상남도 진주시,137,광주광역시 광산구,11,22
200704하순,155,,,경상남도 진주시,140,전라남도 나주시,8,7
200705상순,187,,,경상남도 진주시,174,전라남도 나주시,8,5
200705중순,200,,,경상남도 진주시,190,전라남도 나주시,6,5
200705하순,281,,,경상남도 진주시,267,전라남도 나주시,6,8
200706상순,228,,,경상남도 진주시,208,경상남도 밀양시,13,8
200706중순,331,,,경상남도 진주시,275,경상남도 밀양시,41,15
200706하순,418,,,경상남도 진주시,297,경상남도 밀양시,102,19
200707상순,269,,,경상남도 진주시,152,경상남도 밀양시,95,22
200707중순,285,,,경상남도 진주시,150,경상남도 밀양시,106,29
200707하순,262,,,경상남도 진주시,98,경상남도 밀양시,77,88
200708상순,279,,,충청남도 서산시,38,경상남도 밀양시,30,210
200708중순,459,,,강원도 홍천군,127,충청북도 제천시,66,267
200708하순,984,,,강원도 홍천군,245,충청북도 제천시,161,578
200709상순,603,,,강원도 홍천군,222,강원도 춘천시,80,300
200709중순,508,,,강원도 홍천군,226,강원도 춘천시,83,200
200709하순,166,,,강원도 홍천군,43,강원도 춘천시,35,88
200710상순,213,,,강원도 홍천군,40,강원도 평창군,39,134
200710중순,150,,,강원도 평창군,40,강원도 횡성군,33,78
200710하순,104,,,강원도 평창군,47,강원도 횡성군,16,41
200711상순,117,,,강원도 평창군,54,강원도 횡성군,24,39
200711중순,53,,,강원도 평창군,23,강원도 횡성군,11,19
200711하순,54,,,광주광역시 광주 동구,10,강원도 평창군,9,35
200712상순,41,,,광주광역시 광주 동구,11,경기도 평택시,6,24
200712중순,19,,,광주광역시 광산구,4,광주광역시 광주 동구,3,12
200712하순,35,,,광주광역시 광산구,9,광주광역시 광주 남구,8,18
200801상순,22,,,광주광역시 광산구,11,광주광역시 광주 남구,4,8
200801중순,28,,,광주광역시 광산구,11,광주광역시 광주 남구,6,11
200801하순,36,,,광주광역시 광산구,18,경상남도 진주시,6,12
200802상순,18,,,광주광역시 광산구,8,경상남도 진주시,6,4
200802중순,38,,,경상남도 진주시,14,광주광역시 광산구,13,12
200802하순,30,,,경상남도 진주시,9,광주광역시 광산구,8,12
200803상순,31,,,경상남도 진주시,15,광주광역시 광산구,6,10
200803중순,36,,,경상남도 진주시,16,광주광역시 광산구,11,9
200803하순,39,,,경상남도 진주시,22,광주광역시 광산구,13,4
200804상순,72,,,경상남도 진주시,65,광주광역시 광산구,4,3
200804중순,68,,,경상남도 진주시,56,전라남도 나주시,10,2
200804하순,52,,,경상남도 진주시,40,전라남도 나주시,11,1
200805상순,79,,,경상남도 진주시,70,전라남도 나주시,8,1
200805중순,62,,,경상남도 진주시,57,전라남도 나주시,3,2
200805하순,90,,,경상남도 진주시,83,경상남도 밀양시,4,4
200806상순,54,,,경상남도 진주시,45,경상남도 밀양시,7,2
200806중순,113,,,경상남도 진주시,73,경상남도 밀양시,35,5
200806하순,157,,,경상남도 밀양시,81,경상남도 진주시,70,6
200807상순,178,,,경상남도 밀양시,83,경상남도 진주시,76,18
200807중순,143,,,경상남도 밀양시,66,경상남도 진주시,50,26
200807하순,131,,,경상남도 밀양시,42,경상남도 진주시,25,64
200808상순,240,,,충청북도 제천시,44,강원도 홍천군,40,156
200808중순,373,,,강원도 홍천군,91,충청북도 제천시,57,225
200808하순,443,,,강원도 홍천군,148,강원도 평창군,81,214
200809상순,432,,,강원도 홍천군,148,강원도 평창군,95,189
200809중순,237,,,강원도 평창군,80,강원도 홍천군,72,85
200809하순,190,,,강원도 평창군,67,강원도 홍천군,45,79
200810상순,117,,,강원도 평창군,47,강원도 홍천군,16,54
200810중순,113,,,강원도 평창군,54,강원도 홍천군,15,44
200810하순,140,,,강원도 평창군,71,강원도 횡성군,19,50
200811상순,61,,,강원도 평창군,28,광주광역시 광산구,7,26
200811중순,62,,,강원도 평창군,32,광주광역시 광산구,10,20
200811하순,38,,,광주광역시 광산구,14,충청남도 공주시,6,17
200812상순,17,,,광주광역시 광산구,6,충청남도 공주시,2,9
200812중순,7,,,경상남도 진주시,2,충청남도 공주시,1,4
200812하순,27,,,전라남도 나주시,20,광주광역시 광산구,3,5
200901상순,55,,,전라남도 나주시,20,광주광역시 광산구,11,25
200901중순,60,,,광주광역시 광산구,16,전라남도 나주시,11,32
200901하순,64,,,경상남도 진주시,22,광주광역시 광산구,11,31
200902상순,71,,,광주광역시 광주 남구,18,경상남도 진주시,17,36
200902중순,57,,,경상남도 진주시,21,광주광역시 광산구,14,22
200902하순,31,,,경상남도 진주시,12,광주광역시 광산구,12,7
200903상순,62,,,경상남도 진주시,33,광주광역시 광산구,17,12
200903중순,76,,,경상남도 진주시,49,광주광역시 광산구,12,14
200903하순,68,,,경상남도 진주시,43,광주광역시 광주 남구,9,16
200904상순,67,,,경상남도 진주시,51,전라남도 나주시,10,6
200904중순,70,,,경상남도 진주시,55,전라남도 나주시,11,4
200904하순,89,,,경상남도 진주시,71,전라남도 나주시,13,5
200905상순,117,,,경상남도 진주시,97,전라남도 나주시,14,7
200905중순,187,,,경상남도 진주시,162,전라남도 나주시,14,12
200905하순,195,,,경상남도 진주시,172,전라남도 나주시,13,10
200906상순,246,,,경상남도 진주시,209,전라남도 나주시,15,23
200906중순,207,,,경상남도 진주시,155,경상남도 밀양시,31,22
200906하순,258,,,경상남도 진주시,158,경상남도 밀양시,79,21
200907상순,290,,,경상남도 진주시,173,경상남도 밀양시,89,29
200907중순,227,,,경상남도 진주시,113,경상남도 밀양시,59,54
200907하순,424,,,경상남도 진주시,119,경기도 이천시,72,234
200908상순,549,,,경기도 이천시,124,충청북도 음성군,111,314
200908중순,1092,,,강원도 홍천군,176,경기도 이천시,158,758
200908하순,1161,,,강원도 홍천군,222,충청북도 제천시,196,743
200909상순,801,,,강원도 평창군,189,강원도 홍천군,178,435
200909중순,354,,,강원도 평창군,120,강원도 홍천군,82,152
200909하순,330,,,강원도 평창군,135,강원도 춘천시,76,119
200910상순,270,,,강원도 평창군,121,강원도 춘천시,70,79
200910중순,33,,,강원도 평창군,17,강원도 인제군,5,10
200910하순,38,,,강원도 평창군,28,강원도 인제군,4,7
200911상순,125,,,강원도 평창군,85,강원도 횡성군,8,32
200911중순,108,,,강원도 평창군,58,광주광역시 광산구,18,31
200911하순,46,,,강원도 평창군,13,광주광역시 광산구,10,22
200912상순,77,,,경상남도 밀양시,20,광주광역시 광산구,17,40
200912중순,61,,,광주광역시 광산구,21,경상남도 밀양시,12,28
200912하순,84,,,광주광역시 광산구,20,광주광역시 광주 남구,17,47
201001상순,39,,,광주광역시 광산구,17,전라남도 나주시,6,16
201001중순,49,,,광주광역시 광산구,14,충청남도 공주시,11,25
201001하순,56,,,광주광역시 광주 남구,17,광주광역시 광산구,16,24
201002상순,89,,,광주광역시 광산구,29,광주광역시 광주 남구,23,38
201002중순,60,,,경상남도 진주시,24,광주광역시 광산구,14,21
201002하순,33,,,광주광역시 광주 남구,12,경상남도 진주시,8,14
201003상순,81,,,경상남도 진주시,33,광주광역시 광주 남구,21,27
201003중순,68,,,경상남도 진주시,38,광주광역시 광주 남구,10,20
201003하순,72,,,경상남도 진주시,47,광주광역시 광주 남구,8,17
201004상순,81,,,경상남도 진주시,55,광주광역시 광산구,10,16
201004중순,61,,,경상남도 진주시,45,광주광역시 광주 남구,6,11
201004하순,64,,,경상남도 진주시,54,전라남도 나주시,6,5
201005상순,65,,,경상남도 진주시,54,전라남도 나주시,7,4
201005중순,106,,,경상남도 진주시,87,전라남도 나주시,10,9
201005하순,144,,,경상남도 진주시,117,전라남도 나주시,12,15
201006상순,138,,,경상남도 진주시,117,전라남도 나주시,9,12
201006중순,165,,,경상남도 진주시,131,경상남도 밀양시,15,19
201006하순,255,,,경상남도 진주시,185,경상남도 밀양시,44,26
201007상순,250,,,경상남도 진주시,166,경상남도 밀양시,54,30
201007중순,218,,,경상남도 진주시,104,경상남도 밀양시,81,33
201007하순,341,,,경상남도 진주시,77,경상남도 밀양시,74,190
201008상순,519,,,경기도 이천시,104,충청북도 음성군,91,324
201008중순,657,,,강원도 홍천군,133,강원도 평창군,118,406
201008하순,570,,,강원도 평창군,127,강원도 홍천군,105,338
201009상순,380,,,강원도 홍천군,112,강원도 평창군,109,159
201009중순,0,,,,0, ,0,0
201009하순,24,,,강원도 춘천시,10,강원도 평창군,9,6
201010상순,66,,,강원도 평창군,31,강원도 춘천시,17,18
201010중순,131,,,강원도 평창군,80,강원도 인제군,11,40
201010하순,121,,,강원도 평창군,86,강원도 횡성군,7,28
201011상순,100,,,강원도 평창군,76,광주광역시 광산구,6,18
201011중순,71,,,강원도 평창군,34,광주광역시 광산구,9,28
201011하순,63,,,경상남도 밀양시,22,광주광역시 광산구,10,31
201012상순,8,,,전라남도 나주시,2,광주광역시 광산구,2,3
201012중순,29,,,경상남도 밀양시,10,광주광역시 광주 남구,5,14
201012하순,65,,,전라남도 나주시,15,경상남도 밀양시,14,37
201101상순,45,,,경상남도 진주시,11,전라남도 나주시,9,25
201101중순,45,,,광주광역시 광산구,11,경상남도 진주시,10,25
201101하순,73,,,경상남도 진주시,23,광주광역시 광산구,16,34
201102상순,50,,,경상남도 진주시,32,광주광역시 광산구,8,11
201102중순,52,,,경상남도 진주시,24,광주광역시 광주 남구,13,15
201102하순,45,,,경상남도 진주시,22,광주광역시 광주 남구,9,14
201103상순,68,,,경상남도 진주시,44,광주광역시 광주 남구,9,15
201103중순,74,,,경상남도 진주시,46,광주광역시 광주 남구,14,14
201103하순,75,,,경상남도 진주시,53,광주광역시 광산구,8,13
201104상순,66,,,경상남도 진주시,49,광주광역시 광산구,7,10
201104중순,89,,,경상남도 진주시,59,광주광역시 광산구,12,18
201104하순,92,,,경상남도 진주시,69,광주광역시 광산구,10,13
201105상순,112,,,경상남도 진주시,92,전라남도 나주시,6,14
201105중순,146,,,경상남도 진주시,123,전라남도 나주시,7,16
201105하순,200,,,경상남도 진주시,173,전라남도 광양시,7,21
201106상순,220,,,경상남도 진주시,200,전라남도 나주시,6,14
201106중순,217,,,경상남도 진주시,186,경상남도 밀양시,15,15
201106하순,208,,,경상남도 진주시,159,경상남도 밀양시,35,14
201110상순,102,,,강원도 평창군,47,강원도 춘천시,14,41
201110중순,115,,,강원도 평창군,54,강원도 춘천시,12,48
201110하순,119,,,강원도 평창군,58,경상남도 밀양시,9,52
201111상순,140,,,강원도 평창군,51,경상남도 밀양시,19,69
201111중순,97,,,광주광역시 광산구,18,경상남도 밀양시,17,62
201111하순,92,,,경상남도 밀양시,31,광주광역시 광산구,22,39
201112상순,110,,,광주광역시 광산구,33,경상남도 밀양시,32,45
201112중순,101,,,광주광역시 광산구,27,경상남도 밀양시,24,49
201112하순,101,,,광주광역시 광산구,36,광주광역시 광주 남구,17,47
201201상순,96,,,광주광역시 광산구,29,광주광역시 광주 남구,19,48
201201중순,92,,,광주광역시 광산구,34,경상남도 진주시,21,37
201201하순,46,,,광주광역시 광주 남구,14,경상남도 진주시,12,21
201202상순,81,,,경상남도 진주시,25,광주광역시 광산구,24,32
201202중순,84,,,광주광역시 광산구,37,경상남도 진주시,26,21
201202하순,69,,,경상남도 진주시,28,광주광역시 광산구,24,17
201203상순,70,,,경상남도 진주시,34,광주광역시 광산구,23,13
201203중순,52,,,경상남도 진주시,36,광주광역시 광산구,13,3
201203하순,72,,,경상남도 진주시,58,광주광역시 광산구,10,4
201204상순,44,,,경상남도 진주시,41,광주광역시 광산구,3,1
201204중순,56,,,경상남도 진주시,52,경상남도 창녕군,2,2
201204하순,54,,,경상남도 진주시,46,경상남도 창녕군,4,3
201205상순,62,,,경상남도 진주시,60,경상남도 밀양시,1,1
201205중순,92,,,경상남도 진주시,89,경상남도 밀양시,1,1
201205하순,114,,,경상남도 진주시,111,전라남도 나주시,1,2
201206상순,122,,,경상남도 진주시,118,경상남도 밀양시,2,2
201206중순,132,,,경상남도 진주시,114,경상남도 밀양시,15,3
201206하순,160,,,경상남도 진주시,111,경상남도 밀양시,44,5
201207상순,206,,,경상남도 진주시,132,경상남도 밀양시,59,15
201207중순,266,,,경상남도 진주시,167,경상남도 밀양시,60,40
201207하순,247,,,경상남도 진주시,81,경기도 이천시,35,131
201208상순,603,,,강원도 평창군,101,경기도 이천시,79,423
201208중순,685,,,강원도 평창군,210,강원도 춘천시,83,392
201208하순,512,,,강원도 평창군,208,강원도 춘천시,85,219
201209상순,393,,,강원도 평창군,149,강원도 춘천시,93,152
201209중순,184,,,강원도 평창군,92,강원도 춘천시,43,49
201209하순,209,,,강원도 평창군,100,강원도 춘천시,43,65
201210상순,106,,,강원도 평창군,60,강원도 춘천시,14,32
201210중순,65,,,강원도 평창군,35,강원도 춘천시,6,25
201210하순,84,,,강원도 평창군,46,광주광역시 광주 남구,9,29
201211상순,89,,,강원도 평창군,23,경상남도 밀양시,13,52
201211중순,77,,,경상남도 밀양시,21,광주광역시 광주 남구,13,43
201211하순,62,,,경상남도 밀양시,24,광주광역시 광주 남구,10,28
201212상순,49,,,경상남도 밀양시,22,광주광역시 광산구,11,17
201212중순,56,,,경상남도 밀양시,24,광주광역시 광산구,10,22
201212하순,48,,,광주광역시 광산구,13,경상남도 밀양시,12,23
201301상순,44,,,광주광역시 광산구,14,광주광역시 광주 남구,8,22
201301중순,35,,,광주광역시 광산구,12,경상남도 진주시,8,15
201301하순,65,,,광주광역시 광산구,30,경상남도 진주시,11,24
201302상순,55,,,광주광역시 광산구,19,광주광역시 광주 남구,14,21
201302중순,45,,,광주광역시 광산구,16,경상남도 진주시,13,16
201302하순,29,,,경상남도 진주시,11,광주광역시 광산구,10,8
201303상순,43,,,경상남도 진주시,18,광주광역시 광산구,17,9
201303중순,53,,,경상남도 진주시,31,광주광역시 광산구,14,8
201303하순,60,,,경상남도 진주시,46,광주광역시 광산구,9,5
201304상순,55,,,경상남도 진주시,46,광주광역시 광산구,5,4
201304중순,73,,,경상남도 진주시,64,경상남도 창녕군,3,6
201304하순,91,,,경상남도 진주시,87,전라남도 나주시,2,3
201305상순,123,,,경상남도 진주시,120,전라남도 나주시,2,1
201305중순,130,,,경상남도 진주시,127,전라남도 나주시,1,2
201305하순,217,,,경상남도 진주시,208,경상남도 밀양시,5,5
201306상순,168,,,경상남도 진주시,151,경상남도 밀양시,9,8
201306중순,201,,,경상남도 진주시,162,경상남도 밀양시,28,12
201306하순,173,,,경상남도 진주시,111,경상남도 밀양시,49,13
201307상순,216,,,경상남도 진주시,119,경상남도 밀양시,77,20
201307중순,156,,,경상남도 진주시,57,경상남도 밀양시,52,48
201307하순,264,,,경기도 이천시,54,경상남도 밀양시,33,176
201308상순,378,,,경기도 이천시,50,강원도 평창군,48,281
201308중순,600,,,강원도 평창군,107,경기도 이천시,74,419
201308하순,536,,,강원도 평창군,162,강원도 춘천시,65,309
201309상순,265,,,강원도 평창군,100,강원도 춘천시,47,118
201309중순,176,,,강원도 평창군,68,강원도 횡성군,24,84
201309하순,186,,,강원도 평창군,96,강원도 횡성군,27,63
201310상순,123,,,강원도 평창군,76,강원도 춘천시,17,31
201310중순,82,,,강원도 평창군,63,강원도 춘천시,6,13
201310하순,91,,,강원도 평창군,65,강원도 횡성군,5,20
201311상순,71,,,강원도 평창군,43,경상남도 밀양시,9,19
201311중순,80,,,경상남도 밀양시,18,강원도 평창군,16,46
201311하순,52,,,경상남도 밀양시,20,광주광역시 광주 남구,10,21
201312상순,48,,,경상남도 밀양시,15,광주광역시 광주 남구,10,23
201312중순,52,,,광주광역시 광산구,13,경상남도 밀양시,12,28
201312하순,41,,,광주광역시 광산구,11,광주광역시 광주 남구,8,23
201401상순,12,,,경상남도 진주시,4,광주광역시 광산구,3,5
201401중순,0,,,,0, ,0,0
201401하순,0,,,,0, ,0,0
201402상순,0,,,,0, ,0,0
201402중순,0,,,,0, ,0,0
201402하순,0,,,,0, ,0,0
201403상순,0,,,,0, ,0,0
201403중순,0,,,,0, ,0,0
201403하순,0,,,,0, ,0,0
201404상순,0,,,,0, ,0,0
201404중순,0,,,,0, ,0,0
201404하순,0,,,,0, ,0,0
201405상순,0,,,,0, ,0,0
201405중순,0,,,,0, ,0,0
201405하순,0,,,,0, ,0,0
201406상순,0,,,,0, ,0,0
201406중순,0,,,,0, ,0,0
201406하순,0,,,,0, ,0,0
201407상순,0,,,,0, ,0,0
201407중순,0,,,,0, ,0,0
201407하순,0,,,,0, ,0,0
201408상순,0,,,,0, ,0,0
201408중순,0,,,,0, ,0,0
201408하순,0,,,,0, ,0,0
201409상순,71,,,강원도 평창군,34,강원도 춘천시,15,22
201409중순,295,,,강원도 평창군,159,강원도 홍천군,39,97
201409하순,152,,,강원도 평창군,99,강원도 인제군,19,34
201410상순,148,,,강원도 평창군,90,강원도 인제군,11,47
201410중순,108,,,강원도 평창군,62,광주광역시 광산구,11,35
201410하순,116,,,강원도 평창군,66,광주광역시 광산구,13,37
201411상순,92,,,강원도 평창군,25,광주광역시 광산구,16,50
201411중순,85,,,광주광역시 광산구,25,경상남도 밀양시,21,39
201411하순,58,,,광주광역시 광산구,20,경상남도 밀양시,16,22
201412상순,72,,,광주광역시 광산구,36,경상남도 밀양시,10,26
201412중순,56,,,광주광역시 광산구,29,경상남도 밀양시,7,20
201412하순,58,,,광주광역시 광산구,28,서울특별시 송파구,4,26
201501상순,52,,,광주광역시 광산구,25,경상남도 진주시,8,19
201501중순,38,,,광주광역시 광산구,18,경상남도 진주시,8,12
201501하순,51,,,광주광역시 광산구,21,경상남도 진주시,15,15
201502상순,32,,,경상남도 진주시,13,광주광역시 광산구,6,13
201502중순,47,,,경상남도 진주시,32,광주광역시 광산구,5,10
201502하순,42,,,경상남도 진주시,35,광주광역시 광산구,2,5
201503상순,38,,,경상남도 진주시,30,전라남도 나주시,3,6
201503중순,48,,,경상남도 진주시,36,광주광역시 광산구,8,3
201503하순,55,,,경상남도 진주시,44,경상남도 밀양시,4,7
201504상순,56,,,경상남도 진주시,46,광주광역시 광산구,3,7
201504중순,51,,,경상남도 진주시,46,경상남도 밀양시,2,3
201504하순,77,,,경상남도 진주시,67,전라남도 나주시,4,6
201505상순,77,,,경상남도 진주시,68,경상남도 밀양시,3,5
201505중순,133,,,경상남도 진주시,121,경상남도 밀양시,5,8
201505하순,120,,,경상남도 진주시,110,경상남도 밀양시,5,4
201506상순,122,,,경상남도 진주시,105,경상남도 밀양시,12,5
201506중순,145,,,경상남도 진주시,106,경상남도 밀양시,32,7
201506하순,152,,,경상남도 진주시,97,경상남도 밀양시,45,10
201507상순,286,,,경상남도 진주시,164,경상남도 밀양시,88,34
201507중순,360,,,경상남도 진주시,187,경상남도 밀양시,76,98
201507하순,431,,,경상남도 진주시,116,경기도 이천시,91,224
201508상순,584,,,경기도 이천시,103,강원도 홍천군,87,395
201508중순,1096,,,강원도 홍천군,245,강원도 평창군,191,660
201508하순,838,,,강원도 평창군,238,강원도 홍천군,190,411
201509상순,598,,,강원도 평창군,196,강원도 홍천군,113,288
201509중순,311,,,강원도 평창군,142,강원도 홍천군,41,128
201509하순,214,,,강원도 평창군,124,강원도 춘천시,24,65
201510상순,220,,,강원도 평창군,110,강원도 춘천시,33,77
201510중순,156,,,강원도 평창군,96,강원도 정선군,20,39
201510하순,152,,,강원도 평창군,82,강원도 정선군,17,53
201511상순,123,,,강원도 평창군,44,경상남도 밀양시,14,65
201511중순,122,,,경상남도 밀양시,28,강원도 평창군,18,76
201511하순,12,,,광주광역시 ,9,충청남도 공주시,1,2
201512상순,48,,,광주광역시 ,9,경상남도 밀양시,7,32
201512중순,65,,,경상남도 진주시,20,광주광역시 ,10,34
201512하순,78,,,경상남도 진주시,29,광주광역시 ,12,36
201601상순,16,,,경상남도 진주시,7,광주광역시 광주 남구,3,6
201601중순,16,,,경상남도 진주시,6,광주광역시 광주 남구,3,7
201601하순,13,,,경상남도 진주시,7,광주광역시 ,2,5
201602상순,14,,,경상남도 진주시,7,광주광역시 ,2,5
201602중순,24,,,경상남도 진주시,16,경상남도 창녕군,3,5
201602하순,17,,,경상남도 진주시,12,경상남도 창녕군,2,3
201603상순,20,,,경상남도 진주시,15,경상남도 창녕군,2,3
201603중순,24,,,경상남도 진주시,19,광주광역시 ,2,3
201603하순,35,,,경상남도 진주시,25,광주광역시 ,3,7
201604상순,30,,,경상남도 진주시,20,광주광역시 ,4,6
201604중순,44,,,경상남도 진주시,39,광주광역시 ,2,3
201604하순,43,,,경상남도 진주시,41,서울특별시 송파구,1,1
201605상순,49,,,경상남도 진주시,46,서울특별시 송파구,1,1
201605중순,56,,,경상남도 진주시,55,서울특별시 송파구,1,1
201605하순,67,,,경상남도 진주시,63,서울특별시 송파구,2,2
201606상순,71,,,경상남도 진주시,62,경상남도 밀양시,7,2
201606중순,81,,,경상남도 진주시,61,경상남도 밀양시,16,4
201606하순,89,,,경상남도 진주시,59,경상남도 밀양시,25,5
201607상순,73,,,경상남도 진주시,40,경상남도 밀양시,24,9
201607중순,113,,,경상남도 진주시,55,경상남도 밀양시,25,34
201607하순,129,,,경기도 이천시,26,경상남도 진주시,24,78
201608상순,234,,,강원도 홍천군,43,충청남도 태안군,37,154
201608중순,363,,,강원도 홍천군,79,충청남도 태안군,63,221
201608하순,209,,,강원도 홍천군,53,강원도 평창군,43,113
201609상순,108,,,강원도 평창군,37,강원도 홍천군,20,51
201609중순,38,,,강원도 평창군,20,강원도 정선군,7,11
201609하순,71,,,강원도 평창군,39,강원도 정선군,13,19
201610상순,44,,,강원도 평창군,25,강원도 정선군,10,8
201610중순,45,,,강원도 평창군,24,강원도 정선군,9,12
201610하순,35,,,강원도 평창군,16,강원도 정선군,5,15
201611상순,32,,,강원도 평창군,14,광주광역시 ,4,14
201611중순,25,,,경상남도 밀양시,6,광주광역시 ,6,12
201611하순,29,,,경상남도 밀양시,9,광주광역시 ,8,13
201612상순,23,,,경상남도 밀양시,6,광주광역시 ,6,11
201612중순,22,,,광주광역시 ,6,경상남도 밀양시,4,12
201612하순,25,,,광주광역시 ,6,경상남도 진주시,6,13
201701상순,15,,,경상남도 진주시,5,광주광역시 ,4,6
201701중순,24,,,경상남도 진주시,11,광주광역시 ,6,6
201701하순,19,,,경상남도 진주시,11,광주광역시 ,4,4
201702상순,24,,,경상남도 진주시,18,광주광역시 ,3,4
201702중순,22,,,경상남도 진주시,17,광주광역시 ,2,4
201702하순,12,,,경상남도 진주시,10,광주광역시 ,1,1
201703상순,20,,,경상남도 진주시,13,광주광역시 ,3,5
201703중순,27,,,경상남도 진주시,16,광주광역시 ,5,6
201703하순,32,,,경상남도 진주시,22,전라남도 영암군,3,7
201704상순,30,,,경상남도 진주시,22,광주광역시 ,3,5
201704중순,41,,,경상남도 진주시,37,광주광역시 ,2,3
201704하순,41,,,경상남도 진주시,38,경상남도 밀양시,1,2
201705상순,55,,,경상남도 진주시,51,경상남도 창녕군,3,1
201705중순,61,,,경상남도 진주시,57,경상남도 창녕군,3,0
201705하순,61,,,경상남도 진주시,56,경상남도 밀양시,3,2
201706상순,61,,,경상남도 진주시,51,경상남도 밀양시,6,4
201706중순,55,,,경상남도 진주시,42,경상남도 밀양시,12,1
201706하순,67,,,경상남도 진주시,43,경상남도 밀양시,21,3
201707상순,60,,,경상남도 진주시,38,경상남도 밀양시,16,7
201707중순,102,,,경상남도 진주시,62,경상남도 밀양시,18,22
201707하순,76,,,경상남도 진주시,20,충청남도 태안군,12,44
201708상순,109,,,충청남도 태안군,21,강원도 홍천군,20,67
201708중순,128,,,강원도 홍천군,28,충청남도 태안군,24,77
201708하순,125,,,강원도 홍천군,37,강원도 평창군,36,52
201709상순,68,,,강원도 평창군,25,강원도 홍천군,12,30
201709중순,72,,,강원도 평창군,28,강원도 춘천시,13,32
201709하순,71,,,강원도 평창군,32,강원도 춘천시,9,29
201710상순,31,,,강원도 평창군,13,강원도 춘천시,5,12
201710중순,41,,,강원도 평창군,18,강원도 춘천시,6,17
201710하순,48,,,강원도 평창군,20,경상남도 밀양시,5,24
201711상순,42,,,강원도 평창군,13,경상남도 밀양시,8,21
201711중순,32,,,경상남도 밀양시,9,광주광역시 광주 남구,6,18
201711하순,30,,,경상남도 밀양시,7,광주광역시 광주 남구,7,15
201712상순,24,,,경상남도 밀양시,9,경상남도 진주시,4,11
201712중순,27,,,경상남도 진주시,9,광주광역시 광주 남구,6,12
201712하순,27,,,경상남도 진주시,13,경상남도 밀양시,4,10
201801상순,23,,,경상남도 진주시,14,광주광역시 광주 남구,3,6
201801중순,22,,,경상남도 진주시,14,광주광역시 광주 남구,3,5
201801하순,21,,,경상남도 진주시,16,경상남도 밀양시,2,3
201802상순,27,,,경상남도 진주시,21,광주광역시 광주 남구,2,4
201802중순,27,,,경상남도 진주시,21,광주광역시 광주 남구,2,5
201802하순,18,,,경상남도 진주시,15,광주광역시 광주 남구,1,2
201803상순,25,,,경상남도 진주시,14,광주광역시 광주 남구,7,5
201803중순,27,,,경상남도 진주시,11,광주광역시 광주 남구,8,8
201803하순,31,,,경상남도 진주시,14,광주광역시 광산구,7,10
201804상순,35,,,경상남도 진주시,29,광주광역시 광산구,3,3
201804중순,40,,,경상남도 진주시,37,경상남도 밀양시,1,2
201804하순,38,,,경상남도 진주시,34,경상남도 밀양시,3,1
201805상순,50,,,경상남도 진주시,46,경상남도 밀양시,3,1
201805중순,54,,,경상남도 진주시,49,경상남도 밀양시,5,1
201805하순,90,,,경상남도 진주시,79,경상남도 밀양시,10,1
201806상순,74,,,경상남도 진주시,61,경상남도 밀양시,12,1
201806중순,83,,,경상남도 진주시,63,경상남도 밀양시,18,2
201806하순,86,,,경상남도 진주시,58,경상남도 밀양시,24,4
201807상순,69,,,경상남도 진주시,38,경상남도 밀양시,25,7
201807중순,114,,,경상남도 진주시,64,경상남도 밀양시,33,17
201807하순,138,,,경상남도 진주시,44,경상남도 밀양시,21,73
201808상순,210,,,충청남도 태안군,42,강원도 홍천군,39,129
201808중순,241,,,강원도 홍천군,65,충청남도 태안군,34,141
201808하순,130,,,강원도 홍천군,31,강원도 평창군,21,79
201809상순,108,,,강원도 평창군,30,강원도 홍천군,27,52
201809중순,76,,,강원도 평창군,36,강원도 인제군,8,32
201809하순,37,,,강원도 평창군,18,강원도 인제군,5,14
201810상순,47,,,강원도 평창군,24,강원도 인제군,5,18
201810중순,40,,,강원도 평창군,11,광주광역시 광주 남구,7,22
201810하순,34,,,광주광역시 광주 남구,9,강원도 평창군,6,20
201811상순,32,,,경상남도 밀양시,9,광주광역시 광주 남구,7,16
201811중순,40,,,경상남도 밀양시,17,광주광역시 광주 남구,8,15
201811하순,32,,,경상남도 밀양시,10,광주광역시 광주 남구,9,13
201812상순,32,,,경상남도 밀양시,10,광주광역시 광주 남구,6,17
201812중순,28,,,경상남도 진주시,8,광주광역시 광주 남구,7,13
201812하순,28,,,경상남도 진주시,10,광주광역시 광주 남구,7,10
201901상순,26,,,경상남도 진주시,14,광주광역시 광주 남구,4,7
201901중순,20,,,경상남도 진주시,12,광주광역시 광주 남구,3,5
201901하순,36,,,경상남도 진주시,22,광주광역시 광주 남구,5,9
201902상순,25,,,경상남도 진주시,19,광주광역시 광주 남구,5,2
201902중순,25,,,경상남도 진주시,19,광주광역시 광주 남구,3,3
201902하순,18,,,경상남도 진주시,14,광주광역시 광주 남구,1,3
201903상순,30,,,경상남도 진주시,20,광주광역시 광주 남구,5,5
201903중순,42,,,경상남도 진주시,27,광주광역시 광주 남구,8,6
201903하순,44,,,경상남도 진주시,26,광주광역시 광주 남구,10,8
201904상순,50,,,경상남도 진주시,38,광주광역시 광주 남구,6,6
201904중순,45,,,경상남도 진주시,37,광주광역시 광주 남구,4,4
201904하순,55,,,경상남도 진주시,50,경상남도 밀양시,2,3
201905상순,66,,,경상남도 진주시,60,경상남도 밀양시,5,2
201905중순,75,,,경상남도 진주시,68,경상남도 밀양시,6,1
201905하순,86,,,경상남도 진주시,77,경상남도 밀양시,7,2
201906상순,74,,,경상남도 진주시,58,경상남도 밀양시,13,2
201906중순,76,,,경상남도 진주시,48,경상남도 밀양시,26,2
201906하순,79,,,경상남도 진주시,42,경상남도 밀양시,33,4
201907상순,106,,,경상남도 진주시,53,경상남도 밀양시,44,9
201907중순,93,,,경상남도 진주시,38,경상남도 밀양시,37,17
201907하순,124,,,경상남도 진주시,44,경상남도 밀양시,27,53
201908상순,160,,,충청남도 태안군,23,경상남도 진주시,20,117
201908중순,279,,,강원도 홍천군,57,충청남도 태안군,45,177
201908하순,286,,,강원도 홍천군,71,충청남도 태안군,36,179
201909상순,113,,,강원도 평창군,27,강원도 홍천군,20,66
201909중순,66,,,강원도 평창군,24,강원도 홍천군,14,28
201909하순,58,,,강원도 평창군,25,강원도 인제군,8,25
201910상순,57,,,강원도 평창군,21,광주광역시 광주 남구,6,30
201910중순,50,,,강원도 평창군,18,강원도 인제군,7,24
201910하순,66,,,강원도 평창군,15,광주광역시 광주 남구,12,39
201911상순,38,,,광주광역시 ,9,경상남도 밀양시,7,22
201911중순,40,,,경상남도 밀양시,14,광주광역시 광주 남구,6,21
201911하순,37,,,경상남도 밀양시,14,광주광역시 ,6,17
201912상순,28,,,경상남도 밀양시,7,광주광역시 광주 남구,6,16
201912중순,32,,,경상남도 진주시,11,광주광역시 ,7,14
201912하순,35,,,경상남도 진주시,16,광주광역시 ,6,13
202001상순,25,,,경상남도 진주시,14,광주광역시 ,4,6
202001중순,27,,,경상남도 진주시,19,광주광역시 광주 남구,3,5
202001하순,43,,,경상남도 진주시,31,광주광역시 ,6,7
202002상순,21,,,경상남도 진주시,17,광주광역시 광주 남구,2,2
202002중순,24,,,경상남도 진주시,22,광주광역시 광주 남구,1,2
202002하순,24,,,경상남도 진주시,18,광주광역시 광주 남구,3,3
202003상순,23,,,경상남도 진주시,16,광주광역시 광주 남구,3,5
202003중순,32,,,경상남도 진주시,18,광주광역시 광주 남구,7,7
202003하순,42,,,경상남도 진주시,24,광주광역시 광주 남구,14,4
202004상순,38,,,경상남도 진주시,27,광주광역시 광주 남구,8,3
202004중순,36,,,경상남도 진주시,33,광주광역시 광주 남구,2,1
202004하순,48,,,경상남도 진주시,45,광주광역시 광주 남구,1,1
202005상순,58,,,경상남도 진주시,56,경상남도 밀양시,2,0
202005중순,92,,,경상남도 진주시,86,경상남도 밀양시,6,1
202005하순,82,,,경상남도 진주시,76,경상남도 밀양시,5,2
202006상순,99,,,경상남도 진주시,76,경상남도 밀양시,18,5
202006중순,121,,,경상남도 진주시,79,경상남도 밀양시,38,4
202006하순,121,,,경상남도 진주시,66,경상남도 밀양시,49,6
202007상순,124,,,경상남도 진주시,63,경상남도 밀양시,50,12
202007중순,120,,,경상남도 진주시,55,경상남도 밀양시,43,22
202007하순,143,,,경상남도 진주시,53,경상남도 밀양시,34,56
202008상순,96,,,강원도 평창군,16,강원도 철원군,12,69
202008중순,183,,,강원도 홍천군,55,강원도 평창군,25,103
202008하순,284,,,강원도 홍천군,89,강원도 평창군,52,142
202009상순,215,,,강원도 홍천군,63,강원도 평창군,55,96
202009중순,129,,,강원도 평창군,47,강원도 홍천군,25,57
202009하순,115,,,강원도 평창군,51,강원도 인제군,11,53
202010상순,44,,,강원도 평창군,15,광주광역시 광주 남구,6,23
202010중순,48,,,광주광역시 광주 남구,12,강원도 평창군,11,24
202010하순,51,,,광주광역시 광주 남구,11,강원도 평창군,10,30
202011상순,44,,,경상남도 밀양시,13,광주광역시 광주 남구,9,23
202011중순,46,,,경상남도 밀양시,19,광주광역시 광주 남구,8,19
202011하순,51,,,경상남도 밀양시,17,광주광역시 광주 남구,12,22
202012상순,48,,,경상남도 밀양시,14,광주광역시 광주 남구,11,22
202012중순,35,,,경상남도 진주시,8,광주광역시 광주 남구,6,21
202012하순,56,,,경상남도 진주시,20,전라남도 영암군,9,27
202101상순,32,,,경상남도 진주시,21,광주광역시 광주 남구,4,7
202101중순,40,,,경상남도 진주시,29,광주광역시 광주 남구,3,8
202101하순,46,,,경상남도 진주시,35,광주광역시 광주 남구,4,6
202102상순,63,,,경상남도 진주시,42,광주광역시 광주 남구,8,14
202102중순,36,,,경상남도 진주시,27,광주광역시 광주 남구,4,5
202102하순,24,,,경상남도 진주시,19,광주광역시 광주 남구,1,3
202103상순,52,,,경상남도 진주시,29,광주광역시 광주 남구,10,12
202103중순,52,,,경상남도 진주시,18,광주광역시 광주 남구,16,17
202103하순,60,,,경상남도 진주시,29,광주광역시 광주 남구,12,20
202104상순,52,,,경상남도 진주시,39,광주광역시 광주 남구,6,6
202104중순,68,,,경상남도 진주시,63,경상남도 밀양시,2,3
202104하순,64,,,경상남도 진주시,62,경상남도 밀양시,2,0
202105상순,73,,,경상남도 진주시,68,경상남도 밀양시,4,1
202105중순,104,,,경상남도 진주시,92,경상남도 밀양시,10,2
202105하순,120,,,경상남도 진주시,101,경상남도 밀양시,17,2
202106상순,117,,,경상남도 진주시,83,경상남도 밀양시,32,2
202106중순,102,,,경상남도 진주시,63,경상남도 밀양시,35,4
202106하순,137,,,경상남도 진주시,68,경상남도 밀양시,60,9
202107상순,129,,,경상남도 밀양시,62,경상남도 진주시,49,18
202107중순,122,,,경상남도 진주시,49,경상남도 밀양시,41,32
202107하순,286,,,경상남도 진주시,58,경상남도 밀양시,48,180
202108상순,352,,,강원도 홍천군,63,충청남도 태안군,38,252
202108중순,589,,,강원도 홍천군,137,강원도 평창군,68,385
202108하순,267,,,강원도 평창군,67,강원도 홍천군,62,138
202109상순,174,,,강원도 평창군,50,강원도 홍천군,45,78
202109중순,134,,,강원도 평창군,47,강원도 홍천군,18,69
202109하순,93,,,강원도 평창군,36,강원도 인제군,12,46
202110상순,71,,,강원도 평창군,27,광주광역시 광주 남구,9,35
202110중순,96,,,강원도 평창군,29,광주광역시 광주 남구,24,44
202110하순,60,,,광주광역시 광산구,13,광주광역시 광주 남구,12,35
202111상순,66,,,경상남도 밀양시,26,광주광역시 광주 남구,14,26
202111중순,49,,,경상남도 밀양시,19,광주광역시 광주 남구,12,17
202111하순,42,,,광주광역시 광주 남구,15,경상남도 밀양시,13,14
202112상순,45,,,광주광역시 광주 남구,13,경상남도 진주시,12,20
202112중순,42,,,광주광역시 광주 남구,12,경상남도 진주시,12,19
202112하순,51,,,경상남도 진주시,25,광주광역시 광주 남구,10,16
202201상순,41,,,경상남도 진주시,29,광주광역시 광주 남구,7,5
202201중순,41,,,경상남도 진주시,30,광주광역시 광주 남구,4,6
202201하순,59,,,경상남도 진주시,39,광주광역시 광주 남구,9,11
202202상순,36,,,경상남도 진주시,27,광주광역시 광주 남구,4,5
202202중순,32,,,경상남도 진주시,25,광주광역시 광주 남구,4,3
202202하순,30,,,경상남도 진주시,22,광주광역시 광주 남구,4,3
202203상순,46,,,경상남도 진주시,23,광주광역시 광주 남구,11,12
202203중순,49,,,경상남도 진주시,28,광주광역시 광주 남구,12,9
202203하순,60,,,경상남도 진주시,37,광주광역시 광주 남구,13,10
202204상순,53,,,경상남도 진주시,41,광주광역시 광주 남구,7,4
202204중순,73,,,경상남도 진주시,65,광주광역시 광주 남구,3,4
202204하순,77,,,경상남도 진주시,72,경상남도 밀양시,3,2
202205상순,87,,,경상남도 진주시,82,경상남도 밀양시,3,2
202205중순,98,,,경상남도 진주시,85,경상남도 밀양시,10,2
202205하순,126,,,경상남도 진주시,102,경상남도 밀양시,22,2
202206상순,108,,,경상남도 진주시,82,경상남도 밀양시,25,2
202206중순,118,,,경상남도 진주시,73,경상남도 밀양시,42,3
202206하순,144,,,경상남도 진주시,87,경상남도 밀양시,48,9
202207상순,97,,,경상남도 진주시,54,경상남도 밀양시,31,12
202207중순,159,,,경상남도 진주시,69,경상남도 밀양시,32,58
202207하순,228,,,경상남도 진주시,50,경상남도 밀양시,18,159
202208상순,203,,,강원도 홍천군,32,강원도 평창군,20,151
202208중순,178,,,강원도 홍천군,44,강원도 평창군,31,103
202208하순,271,,,강원도 홍천군,63,강원도 평창군,59,149
202209상순,156,,,강원도 평창군,53,강원도 홍천군,21,82
202209중순,98,,,강원도 평창군,40,강원도 횡성군,12,46
202209하순,90,,,강원도 평창군,36,강원도 양구군,10,44
202210상순,76,,,강원도 평창군,19,광주광역시 광주 남구,13,44
202210중순,68,,,강원도 평창군,15,광주광역시 광주 남구,15,38
202210하순,69,,,광주광역시 광주 남구,20,강원도 평창군,9,40
202211상순,69,,,광주광역시 광주 남구,20,경상남도 밀양시,12,37
202211중순,65,,,경상남도 밀양시,19,광주광역시 광주 남구,18,29
202211하순,71,,,광주광역시 광주 남구,25,경상남도 밀양시,18,28
202212상순,59,,,광주광역시 광주 남구,21,경상남도 진주시,9,29
202212중순,45,,,광주광역시 광주 남구,18,경상남도 진주시,9,18
202212하순,61,,,경상남도 진주시,24,광주광역시 광주 남구,19,18
202301상순,42,,,경상남도 진주시,26,광주광역시 광주 남구,8,8
202301중순,75,,,경상남도 진주시,45,광주광역시 광주 남구,14,16
202301하순,47,,,경상남도 진주시,40,광주광역시 광주 남구,4,4
202302상순,47,,,경상남도 진주시,39,광주광역시 광주 남구,5,3
202302중순,34,,,경상남도 진주시,29,광주광역시 광주 남구,3,3
202302하순,38,,,경상남도 진주시,29,광주광역시 광주 남구,4,5
202303상순,53,,,경상남도 진주시,32,광주광역시 광주 남구,10,11
202303중순,52,,,경상남도 진주시,28,광주광역시 광주 남구,17,7
202303하순,62,,,경상남도 진주시,36,광주광역시 광주 남구,23,3
202304상순,53,,,경상남도 진주시,44,광주광역시 광주 남구,8,1
202304중순,57,,,경상남도 진주시,53,광주광역시 광주 남구,2,1
202304하순,69,,,경상남도 진주시,65,경상남도 밀양시,3,1
202305상순,102,,,경상남도 진주시,96,경상남도 밀양시,6,1
202305중순,96,,,경상남도 진주시,87,경상남도 밀양시,9,0
202305하순,121,,,경상남도 진주시,101,경상남도 밀양시,18,2
202306상순,124,,,경상남도 진주시,97,경상남도 밀양시,25,3
202306중순,113,,,경상남도 진주시,65,경상남도 밀양시,44,4
202306하순,134,,,경상남도 진주시,65,경상남도 밀양시,56,13
202307상순,119,,,경상남도 진주시,57,경상남도 밀양시,42,19
202307중순,111,,,경상남도 진주시,42,경상남도 밀양시,30,40
202307하순,164,,,경상남도 진주시,28,경상남도 밀양시,19,117
202308상순,310,,,강원도 홍천군,80,강원도 평창군,32,198
202308중순,300,,,강원도 홍천군,76,강원도 평창군,50,174
202308하순,248,,,강원도 평창군,57,강원도 홍천군,49,141
202309상순,156,,,강원도 평창군,47,강원도 홍천군,24,86
202309중순,126,,,강원도 평창군,45,강원도 횡성군,14,67
202309하순,104,,,강원도 평창군,44,강원도 횡성군,13,47
202310상순,79,,,강원도 평창군,28,강원도 양구군,9,42
202310중순,69,,,강원도 평창군,13,광주광역시 광주 남구,12,44
202310하순,81,,,광주광역시 광주 남구,21,전라남도 나주시,13,47
202311상순,79,,,광주광역시 광주 남구,28,전라남도 나주시,10,40
202311중순,60,,,광주광역시 광주 남구,28,전라남도 나주시,11,20
202311하순,62,,,광주광역시 광주 남구,29,전라남도 나주시,14,20
202312상순,47,,,광주광역시 광주 남구,14,전라남도 나주시,12,20
202312중순,57,,,광주광역시 광주 남구,20,경상남도 진주시,12,26
202312하순,55,,,경상남도 진주시,19,광주광역시 광주 남구,15,21
202401상순,43,,,경상남도 진주시,27,광주광역시 광주 남구,9,6
202401중순,49,,,경상남도 진주시,41,광주광역시 광주 남구,4,4
202401하순,49,,,경상남도 진주시,40,광주광역시 광주 남구,6,3
202402상순,67,,,경상남도 진주시,45,광주광역시 광주 남구,8,14
202402중순,41,,,경상남도 진주시,29,광주광역시 광주 남구,5,7
202402하순,31,,,경상남도 진주시,17,광주광역시 광산구,6,9
202403상순,51,,,광주광역시 광주 남구,21,경상남도 진주시,20,11
202403중순,56,,,경상남도 진주시,32,광주광역시 광주 남구,15,9
202403하순,55,,,경상남도 진주시,25,광주광역시 광주 남구,24,6
202404상순,60,,,경상남도 진주시,37,광주광역시 광주 남구,18,5
202404중순,46,,,경상남도 진주시,41,광주광역시 광주 남구,3,2
202404하순,56,,,경상남도 진주시,52,경상남도 밀양시,2,2
202405상순,93,,,경상남도 진주시,89,경상남도 밀양시,2,2
202405중순,91,,,경상남도 진주시,84,경상남도 밀양시,6,1
202405하순,102,,,경상남도 진주시,87,경상남도 밀양시,13,2
202406상순,112,,,경상남도 진주시,76,경상남도 밀양시,34,2
202406중순,124,,,경상남도 진주시,76,경상남도 밀양시,45,3
202406하순,130,,,경상남도 진주시,63,경상남도 밀양시,59,8
202407상순,159,,,경상남도 진주시,85,경상남도 밀양시,56,18
202407중순,130,,,경상남도 진주시,76,경상남도 밀양시,28,26
202407하순,142,,,경상남도 진주시,33,경상남도 밀양시,19,90
202408상순,273,,,강원도 홍천군,69,강원도 평창군,26,178
202408중순,302,,,강원도 홍천군,84,강원도 평창군,49,169
202408하순,210,,,강원도 평창군,54,강원도 홍천군,40,115
202409상순,147,,,강원도 평창군,49,강원도 양구군,22,76
202409중순,79,,,강원도 평창군,31,강원도 인제군,11,37
202409하순,81,,,강원도 평창군,30,강원도 인제군,11,41
202410상순,76,,,강원도 평창군,27,강원도 인제군,12,37
202410중순,61,,,강원도 평창군,19,광주광역시 광주 남구,11,32
202410하순,86,,,광주광역시 광주 남구,21,강원도 평창군,18,46
202411상순,53,,,광주광역시 광주 남구,19,전라남도 나주시,7,27
202411중순,66,,,광주광역시 광주 남구,27,전라남도 나주시,10,28
202411하순,56,,,광주광역시 광주 남구,21,전라남도 나주시,11,24
202412상순,40,,,광주광역시 광주 남구,17,전라남도 나주시,6,17
202412중순,39,,,경상남도 진주시,11,광주광역시 광주 남구,10,17
202412하순,49,,,경상남도 진주시,22,광주광역시 광주 남구,12,16
202501상순,40,,,경상남도 진주시,27,광주광역시 광주 남구,6,7
202501중순,49,,,경상남도 진주시,38,광주광역시 광주 남구,6,6
202501하순,53,,,경상남도 진주시,37,광주광역시 광주 남구,9,7
202502상순,52,,,경상남도 진주시,44,광주광역시 광주 남구,4,4
202502중순,39,,,경상남도 진주시,32,전라남도 나주시,2,4
202502하순,34,,,경상남도 진주시,27,경상남도 밀양시,2,4
202503상순,42,,,경상남도 진주시,31,광주광역시 광주 남구,4,7
202503중순,51,,,경상남도 진주시,28,광주광역시 광주 남구,13,9
202503하순,64,,,경상남도 진주시,40,광주광역시 광주 남구,12,12
202504상순,54,,,경상남도 진주시,38,광주광역시 광주 남구,9,8
202504중순,61,,,경상남도 진주시,51,광주광역시 광주 남구,6,4
202504하순,81,,,경상남도 진주시,74,광주광역시 광주 남구,3,4
202505상순,81,,,경상남도 진주시,74,경상남도 밀양시,4,2
202505중순,96,,,경상남도 진주시,89,경상남도 밀양시,6,1
202505하순,130,,,경상남도 진주시,118,경상남도 밀양시,12,0
202506상순,106,,,경상남도 진주시,83,경상남도 밀양시,22,0
202506중순,114,,,경상남도 진주시,71,경상남도 밀양시,41,1
202506하순,126,,,경상남도 진주시,78,경상남도 밀양시,41,6
202507상순,101,,,경상남도 진주시,60,경상남도 밀양시,27,13
202507중순,105,,,경상남도 진주시,51,경상남도 밀양시,24,30
202507하순,179,,,경상남도 진주시,44,경상남도 밀양시,17,117
202508상순,175,,,강원도 홍천군,39,강원도 평창군,20,115
202508중순,266,,,강원도 홍천군,72,강원도 평창군,47,147
202508하순,184,,,강원도 평창군,51,강원도 홍천군,41,92
202509상순,171,,,강원도 평창군,45,강원도 인제군,32,94
202509중순,123,,,강원도 평창군,40,강원도 인제군,21,62
202509하순,112,,,강원도 평창군,38,강원도 인제군,17,57
202510상순,73,,,강원도 평창군,27,광주광역시 광주 남구,11,35
202510중순,88,,,강원도 평창군,17,광주광역시 광주 남구,17,54
202510하순,83,,,광주광역시 광주 남구,25,전라남도 나주시,13,45
202511상순,46,,,광주광역시 광주 남구,15,전라남도 나주시,9,23
202511중순,58,,,광주광역시 광주 남구,16,전라남도 나주시,11,31
202511하순,41,,,광주광역시 광주 남구,11,경상남도 밀양시,8,21
202512상순,51,,,광주광역시 광주 남구,12,경상남도 진주시,10,28
202512중순,53,,,경상남도 진주시,22,광주광역시 광주 남구,13,17
202512하순,60,,,경상남도 진주시,43,광주광역시 광주 남구,8,10
202601상순,46,,,경상남도 진주시,40,전라남도 나주시,2,3
202601중순,55,,,경상남도 진주시,50,전라북도 고창군,2,4
202601하순,54,,,경상남도 진주시,49,경상남도 밀양시,2,3
202602상순,55,,,경상남도 진주시,44,광주광역시 광주 남구,4,7
202602중순,51,,,경상남도 진주시,46,광주광역시 광주 남구,2,3
202602하순,38,,,경상남도 진주시,33,광주광역시 광주 남구,2,3
202603상순,48,,,경상남도 진주시,30,광주광역시 광주 남구,11,7
202603중순,63,,,경상남도 진주시,40,광주광역시 광주 남구,13,10
202603하순,71,,,경상남도 진주시,51,광주광역시 광주 남구,13,7
202604상순,68,,,경상남도 진주시,45,광주광역시 광주 남구,17,6
202604중순,118,,,경상남도 진주시,105,광주광역시 광주 남구,8,6
202604하순,106,,,경상남도 진주시,98,경상남도 밀양시,4,4
202605상순,68,,,경상남도 진주시,62,경상남도 밀양시,7,0
202605중순,131,,,경상남도 진주시,115,경상남도 밀양시,16,0
202605하순,113,,,경상남도 진주시,88,경상남도 밀양시,24,1
202606상순,139,,,경상남도 진주시,95,경상남도 밀양시,41,2
202606중순,130,,,경상남도 진주시,82,경상남도 밀양시,42,6
202606하순,136,,,경상남도 진주시,79,경상남도 밀양시,46,11
202607상순,153,,,경상남도 진주시,93,경상남도 밀양시,43,17
202607중순,173,,,경상남도 진주시,65,경상남도 밀양시,51,57
202607하순,297,,,경상남도 진주시,47,경상남도 밀양시,41,209
202608상순,423,,,강원도 홍천군,53,경상북도 영주시,47,324
202608중순,550,,,강원도 평창군,82,강원도 홍천군,68,400
202608하순,213,,,강원도 평창군,58,강원도 홍천군,37,118
202609상순,118,,,강원도 평창군,39,강원도 인제군,16,63
202609중순,93,,,강원도 평창군,29,강원도 홍천군,14,50
202609하순,24,,,강원도 평창군,9,강원도 인제군,4,11
