DATE,val,yearAvg,bfYear
200101상순,28286,35349,43286
200101중순,39778,38977,41833
200101하순,43357,49239,52000
200102상순,50667,52213,50750
200102중순,64375,40380,38750
200102하순,76214,36946,36625
200103상순,83167,43137,41375
200103중순,58625,43426,31938
200103하순,47000,41685,24150
200104상순,28750,33083,20000
200104중순,24889,32131,19188
200104하순,24438,25699,18500
200105상순,22056,25452,22500
200105중순,23938,24307,26063
200105하순,26450,25667,25056
200106상순,25813,22705,26188
200106중순,21556,19100,21250
200106하순,19444,16819,18222
200107상순,24125,16361,19250
200107중순,29167,18184,21944
200107하순,22833,15139,14778
200108상순,22833,14162,17167
200108중순,27875,15384,14875
200108하순,25450,20011,16900
200109상순,22375,21329,23278
200109중순,25167,23655,44667
200109하순,24611,22750,32500
200110상순,17500,21979,25500
200110중순,14389,21160,21667
200110하순,13056,22117,18222
200111상순,15333,22972,19278
200111중순,17938,23602,18250
200111하순,19167,24439,19889
200112상순,20375,28880,19750
200112중순,22556,29639,22833
200112하순,26389,31800,25150
200201상순,32929,32968,28286
200201중순,32625,35995,39778
200201하순,66700,43175,43357
200202상순,82611,48102,50667
200202중순,62900,40380,64375
200202하순,45786,36946,76214
200203상순,53563,48518,83167
200203중순,57944,45796,58625
200203하순,40111,44778,47000
200204상순,30833,31071,28750
200204중순,27167,29213,24889
200204하순,32000,26553,24438
200205상순,35611,25452,22056
200205중순,42438,24786,23938
200205하순,47700,25891,26450
200206상순,32375,25262,25813
200206중순,23944,20850,21556
200206하순,24125,18093,19444
200207상순,20444,18602,24125
200207중순,17389,21339,29167
200207하순,18278,17443,22833
200208상순,21444,15660,22833
200208중순,19219,18979,27875
200208하순,24700,24061,25450
200209상순,27750,22495,22375
200209중순,29611,25451,25167
200209하순,23333,24620,24611
200210상순,19833,21979,17500
200210중순,21438,21160,14389
200210하순,24600,21724,13056
200211상순,44250,22972,15333
200211중순,50611,23602,17938
200211하순,53556,24439,19167
200212상순,63688,27255,20375
200212중순,68278,26880,22556
200212하순,59778,28367,26389
200301상순,56000,29516,32929
200301중순,40750,32926,32625
200301하순,49650,43175,66700
200302상순,35333,48102,82611
200302중순,45556,48217,62900
200302하순,63786,39613,45786
200303상순,68688,48063,53563
200303중순,67111,47500,57944
200303하순,52167,42481,40111
200304상순,30667,28444,30833
200304중순,25250,26373,27167
200304하순,30833,26553,32000
200305상순,37889,26306,35611
200305중순,40375,26481,42438
200305하순,33950,25891,47700
200306상순,30688,25262,32375
200306중순,27833,20998,23944
200306하순,23875,18093,24125
200307상순,26889,17639,20444
200307중순,30750,19397,17389
200307하순,22050,17619,18278
200308상순,23125,18683,21444
200308중순,24500,20427,19219
200308하순,25667,26661,24700
200309상순,34556,24468,27750
200309중순,35417,27197,29611
200309하순,35938,25898,23333
200310상순,33278,22257,19833
200310중순,31688,21514,21438
200310하순,29550,22491,24600
200311상순,28500,23889,44250
200311중순,30611,23602,50611
200311하순,32375,24439,53556
200312상순,36056,28477,63688
200312중순,31833,30484,68278
200312하순,32056,32198,59778
200401상순,34688,34833,56000
200401중순,50167,37718,40750
200401하순,38750,48336,49650
200402상순,42625,48102,35333
200402중순,50222,50485,45556
200402하순,56071,48732,63786
200403상순,65389,54542,68688
200403중순,44278,50412,67111
200403하순,32944,43796,52167
200404상순,31667,30083,30667
200404중순,32000,25769,25250
200404하순,29444,27942,30833
200405상순,29625,28537,37889
200405중순,28806,30125,40375
200405하순,34056,28485,33950
200406상순,28250,27562,30688
200406중순,25688,22250,27833
200406하순,23944,20514,23875
200407상순,23000,21273,26889
200407중순,25469,22833,30750
200407하순,31225,18369,22050
200408상순,32563,20572,23125
200408중순,16278,22740,24500
200408하순,19333,25272,25667
200409상순,33639,24468,34556
200409중순,21250,30613,35417
200409하순,17286,28954,35938
200410상순,14688,22257,33278
200410중순,29806,22664,31688
200410하순,29167,24124,29550
200411상순,31750,24556,28500
200411중순,30028,25361,30611
200411하순,34125,27850,32375
200412상순,33694,31736,36056
200412중순,34938,33576,31833
200412하순,29900,34500,32056
200501상순,34607,36967,34688
200501중순,33972,40787,50167
200501하순,45139,48336,38750
200502상순,61643,48014,42625
200502중순,49071,52893,50222
200502하순,66071,55214,56071
200503상순,64694,62546,65389
200503중순,65469,53616,44278
200503하순,39375,40019,32944
200504상순,48750,30083,31667
200504중순,40722,25769,32000
200504하순,29222,28238,29444
200505상순,33969,29245,29625
200505중순,24556,31748,28806
200505하순,30667,31485,34056
200506상순,22583,28375,28250
200506중순,22250,23729,25688
200506하순,27361,22421,23944
200507상순,24719,22523,23000
200507중순,28389,25527,25469
200507하순,25417,21054,31225
200508상순,14056,22468,32563
200508중순,21194,19999,16278
200508하순,27000,23161,19333
200509상순,37528,28222,33639
200509중순,30542,30065,21250
200509하순,19639,26815,17286
200510상순,24281,20944,14688
200510중순,26167,24303,29806
200510하순,24972,23996,29167
200511상순,26361,26509,31750
200511중순,22188,26296,30028
200511하순,25722,28796,34125
200512상순,32806,30042,33694
200512중순,32969,29868,34938
200512하순,33800,29448,29900
200601상순,52094,34074,34607
200601중순,67278,38167,33972
200601하순,73857,46049,45139
200602상순,78972,51645,61643
200602중순,90875,54065,49071
200602하순,89250,61976,66071
200603상순,98444,66257,64694
200603중순,67969,60679,65469
200603하순,47175,42162,39375
200604상순,42875,31056,48750
200604중순,42361,28139,40722
200604하순,39000,29833,29222
200605상순,56806,33068,33969
200605중순,33250,31245,24556
200605하순,38083,32891,30667
200606상순,42139,28250,22583
200606중순,29344,23961,22250
200606하순,22111,23981,27361
200607상순,24750,23948,24719
200607중순,29139,27675,28389
200607하순,47361,23433,25417
200608상순,58611,22468,14056
200608중순,26781,21638,21194
200608하순,32800,25272,27000
200609상순,35406,31981,37528
200609중순,50639,28440,30542
200609하순,37333,22528,19639
200610상순,30333,20538,24281
200610중순,13778,25803,26167
200610하순,13694,26246,24972
200611상순,18861,28870,26361
200611중순,18063,27609,22188
200611하순,27750,30741,25722
200612상순,30031,34185,32806
200612중순,37028,33247,32969
200612하순,42944,31919,33800
200701상순,37286,40463,52094
200701중순,32389,41630,67278
200701하순,45056,53830,73857
200702상순,54889,61080,78972
200702중순,49208,54065,90875
200702하순,38143,61976,89250
200703상순,43333,66257,98444
200703중순,47969,63508,67969
200703하순,38625,42220,47175
200704상순,36673,35125,42875
200704중순,33066,33296,42361
200704하순,28983,30759,39000
200705상순,25579,35823,56806
200705중순,33289,34144,33250
200705하순,27692,35363,38083
200706상순,24561,30437,42139
200706중순,23904,25822,29344
200706하순,23685,23981,22111
200707상순,20279,24156,24750
200707중순,28307,27666,29139
200707하순,21565,26231,47361
200708상순,13150,25711,58611
200708중순,27698,21638,26781
200708하순,29448,25789,32800
200709상순,37749,34534,35406
200709중순,42928,31856,50639
200709하순,54623,26303,37333
200710상순,25154,24816,30333
200710중순,28744,25803,13778
200710하순,49043,26246,13694
200711상순,46997,28870,18861
200711중순,47670,27609,18063
200711하순,51854,31417,27750
200712상순,60120,34185,30031
200712중순,70161,34978,37028
200712하순,67852,36267,42944
200801상순,66956,41356,37286
200801중순,53739,41630,32389
200801하순,76869,46615,45056
200802상순,87493,53052,54889
200802중순,58996,49501,49208
200802하순,56425,61976,38143
200803상순,54885,66257,43333
200803중순,52182,60183,47969
200803하순,47641,41725,38625
200804상순,34365,37072,36673
200804중순,30690,35263,33066
200804하순,33324,29833,28983
200805상순,32563,33828,25579
200805중순,33122,31781,33289
200805하순,24700,32891,27692
200806상순,25705,27833,24561
200806중순,25022,25808,23904
200806하순,19707,23835,23685
200807상순,19014,24156,20279
200807중순,28600,28612,28307
200807하순,21186,26231,21565
200808상순,17294,23248,13150
200808중순,25741,24159,27698
200808하순,18080,27372,29448
200809상순,16408,35830,37749
200809중순,19999,36295,42928
200809하순,13879,30970,54623
200810상순,15026,26590,25154
200810중순,16726,28239,28744
200810하순,22206,27896,49043
200811상순,30102,28870,46997
200811중순,30273,27609,47670
200811하순,27685,31417,51854
200812상순,33232,34185,60120
200812중순,30767,34978,70161
200812하순,40557,36267,67852
200901상순,50902,41356,66956
200901중순,56681,45959,53739
200901하순,61729,54684,76869
200902상순,65059,65168,87493
200902중순,85358,52809,58996
200902하순,120477,59522,56425
200903상순,88154,61656,54885
200903중순,66344,55206,52182
200903하순,55363,41725,47641
200904상순,38616,37971,34365
200904중순,43766,35263,30690
200904하순,30158,30664,33324
200905상순,38932,32052,32563
200905중순,36919,31726,33122
200905하순,31183,30805,24700
200906상순,33797,26172,25705
200906중순,23478,24871,25022
200906하순,22809,23247,19707
200907상순,28099,22666,19014
200907중순,27255,28432,28600
200907하순,31575,26069,21186
200908상순,53350,21304,17294
200908중순,17178,24572,25741
200908하순,13296,25261,18080
200909상순,25266,35524,16408
200909중순,27013,31573,19999
200909하순,26927,24753,13879
200910상순,15714,21487,15026
200910중순,17428,23879,16726
200910하순,28758,25448,22206
200911상순,35717,29404,30102
200911중순,33276,27496,30273
200911하순,43106,29853,27685
200912상순,46841,33244,33232
200912중순,51935,34978,30767
200912하순,44913,39100,40557
201001상순,48622,46761,50902
201001중순,48813,48131,56681
201001하순,46082,60242,61729
201002상순,70237,68558,65059
201002중순,91740,64521,85358
201002하순,74350,70582,120477
201003상순,110816,69244,88154
201003중순,127232,61332,66344
201003하순,76937,44730,55363
201004상순,82837,39388,38616
201004중순,45111,38716,43766
201004하순,57649,30902,30158
201005상순,61155,35155,38932
201005중순,38097,33220,36919
201005하순,35672,29847,31183
201006상순,37903,28021,33797
201006중순,36964,24135,23478
201006하순,20749,22868,22809
201007상순,33406,23249,28099
201007중순,32127,28432,27255
201007하순,26038,26186,31575
201008상순,20335,28233,53350
201008중순,22191,24572,17178
201008하순,31148,24843,13296
201009상순,46653,32733,25266
201009중순,60060,33494,27013
201009하순,63043,27966,26927
201010상순,47165,21717,15714
201010중순,33277,20107,17428
201010하순,31040,25312,28758
201011상순,51418,30727,35717
201011중순,50330,28579,33276
201011하순,49606,32847,43106
201012상순,34420,37626,46841
201012중순,28690,40644,51935
201012하순,27997,42805,44913
201101상순,33184,50539,48622
201101중순,32516,53078,48813
201101하순,45981,60556,46082
201102상순,37237,71423,70237
201102중순,42930,78410,91740
201102하순,64899,73341,74350
201103상순,81848,80494,110816
201103중순,74146,62165,127232
201103하순,36169,50059,76937
201104상순,30577,39388,82837
201104중순,29520,39731,45111
201104하순,27695,34161,57649
201105상순,32006,42767,61155
201105중순,36458,34486,38097
201105하순,39480,31516,35672
201106상순,42221,32468,37903
201106중순,25722,26090,36964
201106하순,30478,21890,20749
201107상순,37719,24376,33406
201107중순,67663,28682,32127
201107하순,54472,26393,26038
201108상순,53130,30326,20335
201108중순,30710,24905,22191
201108하순,52063,26225,31148
201109상순,51518,32807,46653
201109중순,27477,40193,60060
201109하순,22361,39628,63043
201110상순,28514,23734,47165
201110중순,37271,20966,33277
201110하순,38300,27335,31040
201111상순,40916,37606,51418
201111중순,35252,37073,50330
201111하순,38606,40154,49606
201112상순,50187,38164,34420
201112중순,49255,39910,28690
201112하순,42382,42805,27997
201201상순,61743,45603,33184
201201중순,63851,45022,32516
201201하순,63285,51264,45981
201202상순,69316,63395,37237
201202중순,105752,64521,42930
201202하순,103426,65224,64899
201203상순,100370,74962,81848
201203중순,97972,64224,74146
201203하순,65624,47209,36169
201204상순,51486,36551,30577
201204중순,37806,35841,29520
201204하순,46478,30822,27695
201205상순,54638,34500,32006
201205중순,47580,35555,36458
201205하순,40349,31516,39480
201206상순,30241,32468,42221
201206중순,26276,24882,25722
201206하순,29068,22414,30478
201207상순,27821,27261,37719
201207중순,27642,29678,67663
201207하순,27668,26393,54472
201208상순,32801,30253,53130
201208중순,40491,25210,30710
201208하순,34239,26225,52063
201209상순,43347,36556,51518
201209중순,74149,32472,27477
201209하순,54523,34637,22361
201210상순,32065,23127,28514
201210중순,37694,26483,37271
201210하순,41091,32699,38300
201211상순,43028,41210,40916
201211중순,60461,38733,35252
201211하순,52496,43773,38606
201212상순,60317,43816,50187
201212중순,55687,43986,49255
201212하순,69197,42617,42382
201301상순,65291,53756,61743
201301중순,54612,53078,63851
201301하순,77832,57032,63285
201302상순,83470,68204,69316
201302중순,79562,78698,105752
201302하순,102452,80892,103426
201303상순,88763,90124,100370
201303중순,56439,79488,97972
201303하순,51056,56209,65624
201304상순,40270,41489,51486
201304중순,38656,37421,37806
201304하순,31114,36653,46478
201305상순,38583,42044,54638
201305중순,37083,37158,47580
201305하순,29648,35445,40349
201306상순,47280,33980,30241
201306중순,33832,25673,26276
201306하순,27867,24209,29068
201307상순,35877,29775,27821
201307중순,42708,29456,27642
201307하순,48598,28427,27668
201308상순,48141,35422,32801
201308중순,25361,26214,40491
201308하순,33052,27822,34239
201309상순,38229,38422,43347
201309중순,38247,38183,74149
201309하순,21510,34604,54523
201310상순,22056,25431,32065
201310중순,19923,29325,37694
201310하순,21702,32699,41091
201311상순,26472,39887,43028
201311중순,28667,39619,60461
201311하순,31374,43773,52496
201312상순,31786,43816,60317
201312중순,32327,43986,55687
201312하순,35189,42617,69197
201401상순,56369,53756,65291
201401중순,81989,53368,54612
201401하순,89805,57032,77832
201402상순,75088,68204,83470
201402중순,87911,85553,79562
201402하순,94798,93409,102452
201403상순,103479,92429,88763
201403중순,74432,79488,56439
201403하순,39753,57347,51056
201404상순,57585,43457,40270
201404중순,50739,40076,38656
201404하순,57909,35917,31114
201405상순,42602,44051,38583
201405중순,41036,37366,37083
201405하순,33614,35445,29648
201406상순,38979,37974,47280
201406중순,36101,28610,33832
201406하순,34407,26581,27867
201407상순,27968,32460,35877
201407중순,40081,34159,42708
201407하순,30795,35947,48598
201408상순,29166,44691,48141
201408중순,41147,26087,25361
201408하순,60368,32813,33052
201409상순,81123,42743,38229
201409중순,42034,41928,38247
201409하순,36352,34604,21510
201410상순,23795,27545,22056
201410중순,32683,30157,19923
201410하순,39388,32699,21702
201411상순,60190,39887,26472
201411중순,65618,39619,28667
201411하순,63787,43773,31374
201412상순,50443,43816,31786
201412중순,47902,44506,32327
201412하순,74278,40828,35189
201501상순,56387,55578,56369
201501중순,36035,55758,81989
201501하순,70393,62400,89805
201502상순,105547,71547,75088
201502중순,128011,86404,87911
201502하순,102914,90533,94798
201503상순,89917,97537,103479
201503중순,60325,82184,74432
201503하순,63411,52144,39753
201504상순,31586,49780,57585
201504중순,52261,40524,50739
201504하순,67001,45080,57909
201505상순,55916,45274,42602
201505중순,34874,38739,41036
201505하순,47903,36255,33614
201506상순,30172,39701,38979
201506중순,32714,32070,36101
201506하순,28839,29138,34407
201507상순,30150,32417,27968
201507중순,30148,38305,40081
201507하순,19391,35687,30795
201508상순,22600,36703,29166
201508중순,26687,32187,41147
201508하순,23854,39784,60368
201509상순,21696,47173,81123
201509중순,29636,46780,42034
201509하순,25296,37745,36352
201510상순,17291,28125,23795
201510중순,19712,34410,32683
201510하순,21160,36243,39388
201511상순,27296,45121,60190
201511중순,33331,48681,65618
201511하순,33354,46903,63787
201512상순,29087,45017,50443
201512중순,41572,43162,47902
201512하순,47359,48923,74278
201601상순,26845,58166,56387
201601중순,44446,51499,36035
201601하순,63450,70503,70393
201602상순,85427,75958,105547
201602중순,79724,91075,128011
201602하순,65939,100055,102914
201603상순,39977,93016,89917
201603중순,49126,69634,60325
201603하순,40219,51406,63411
201604상순,39212,41114,31586
201604중순,35393,42400,52261
201604하순,35449,45167,67001
201605상순,47221,45274,55916
201605중순,29505,38192,34874
201605하순,35468,37814,47903
201606상순,25947,37147,30172
201606중순,27346,30941,32714
201606하순,30438,29462,28839
201607상순,40811,31332,30150
201607중순,44679,37645,30148
201607하순,51101,35687,19391
201608상순,33561,36703,22600
201608중순,59755,32629,26687
201608하순,89614,39784,23854
201609상순,96550,44365,21696
201609중순,106864,36639,29636
201609하순,42634,28003,25296
201610상순,36734,24788,17291
201610중순,38541,29959,19712
201610하순,37591,33130,21160
201611상순,75204,37080,27296
201611중순,62335,43014,33331
201611하순,54235,41485,33354
201612상순,44791,44139,29087
201612중순,46100,46243,41572
201612하순,61027,52979,47359
201701상순,51042,58166,26845
201701중순,68846,54303,44446
201701하순,87781,70558,63450
201702상순,51994,81328,85427
201702중순,51784,91129,79724
201702하순,55487,100055,65939
201703상순,60417,93016,39977
201703중순,39292,63732,49126
201703하순,39763,51562,40219
201704상순,36384,43656,39212
201704중순,46090,42400,35393
201704하순,53328,46612,35449
201705상순,41280,48154,47221
201705중순,33471,37664,29505
201705하순,42399,36477,35468
201706상순,44152,33131,25947
201706중순,32956,31297,27346
201706하순,31744,29449,30438
201707상순,31038,31332,40811
201707중순,42520,37645,44679
201707하순,61174,35687,51101
201708상순,46921,31843,33561
201708중순,42909,36108,59755
201708하순,54074,42553,89614
201709상순,56374,54233,96550
201709중순,68379,51477,106864
201709하순,38283,34761,42634
201710상순,38334,25972,36734
201710중순,21507,30100,38541
201710하순,28493,32894,37591
201711상순,37323,43505,75204
201711중순,30903,52042,62335
201711하순,23961,46695,54235
201712상순,21320,42340,44791
201712중순,21950,45191,46100
201712하순,35532,59194,61027
201801상순,32180,54599,51042
201801중순,46253,55968,68846
201801하순,73664,78668,87781
201802상순,95403,81328,51994
201802중순,88951,82399,51784
201802하순,40140,87730,55487
201803상순,47787,79699,60417
201803중순,57998,55297,39292
201803하순,57488,43679,39763
201804상순,39939,38622,36384
201804중순,34169,45162,46090
201804하순,32604,48895,53328
201805상순,39926,43701,41280
201805중순,32286,35143,33471
201805하순,35405,37160,42399
201806상순,42383,37768,44152
201806중순,32158,33167,32956
201806하순,32225,30341,31744
201807상순,35792,32355,31038
201807중순,43541,41769,42520
201807하순,57738,43498,61174
201808상순,57256,36549,46921
201808중순,42707,36914,42909
201808하순,55288,49165,54074
201809상순,53679,58575,56374
201809중순,70970,49553,68379
201809하순,52693,33310,38283
201810상순,25855,27528,38334
201810중순,28555,24704,21507
201810하순,36949,29262,28493
201811상순,34474,41603,37323
201811중순,32475,42190,30903
201811하순,25335,39654,23961
201812상순,23930,35221,21320
201812중순,23490,40000,21950
201812하순,24793,47972,35532
201901상순,35028,46530,32180
201901중순,40802,53182,46253
201901하순,43709,77279,73664
201902상순,63417,85306,95403
201902중순,56631,85529,88951
201902하순,58733,72075,40140
201903상순,64470,66040,47787
201903중순,58940,55816,57998
201903하순,38092,45823,57488
201904상순,37141,38512,39939
201904중순,30865,44074,34169
201904하순,31703,48895,32604
201905상순,46780,43701,39926
201905중순,40692,33544,32286
201905하순,32201,37758,35405
201906상순,37471,37178,42383
201906중순,38247,32609,32158
201906하순,31213,31469,32225
201907상순,37177,32327,35792
201907중순,39512,42047,43541
201907하순,29735,46544,57738
201908상순,42224,36549,57256
201908중순,81853,42254,42707
201908하순,56542,56577,55288
201909상순,53551,63725,53679
201909중순,52414,60461,70970
201909하순,47865,39090,52693
201910상순,43949,28795,25855
201910중순,39005,27582,28555
201910하순,47211,34344,36949
201911상순,52611,43995,34474
201911중순,41389,42713,32475
201911하순,36212,37642,25335
201912상순,27407,32603,23930
201912중순,26995,37054,23490
201912하순,47485,47972,24793
202001상순,50564,39417,35028
202001중순,60471,43834,40802
202001하순,79283,69169,43709
202002상순,85102,81416,63417
202002중순,68420,75102,56631
202002하순,79658,60053,58733
202003상순,57708,57558,64470
202003중순,42319,55355,58940
202003하순,50168,45823,38092
202004상순,33215,37579,37141
202004중순,35801,38550,30865
202004하순,42726,40460,31703
202005상순,28994,45094,46780
202005중순,36968,33544,40692
202005하순,35547,37758,32201
202006상순,39845,36675,37471
202006중순,34533,32609,38247
202006하순,51835,31132,31213
202007상순,46772,34669,37177
202007중순,49923,41857,39512
202007하순,33604,46191,29735
202008상순,37218,40902,42224
202008중순,54192,48457,81853
202008하순,65452,55301,56542
202009상순,79217,54534,53551
202009중순,86582,63921,52414
202009하순,127757,42927,47865
202010상순,50455,33641,43949
202010중순,43488,29535,39005
202010하순,40903,34344,47211
202011상순,43622,41469,52611
202011중순,36504,35732,41389
202011하순,24407,31634,36212
202012상순,21443,26808,27407
202012중순,19906,30685,26995
202012하순,30310,43458,47485
202101상순,26784,39257,50564
202101중순,43368,50390,60471
202101하순,77902,72132,79283
202102상순,118529,77982,85102
202102중순,106902,68258,68420
202102하순,104942,60053,79658
202103상순,88973,55304,57708
202103중순,63004,49814,42319
202103하순,68511,43383,50168
202104상순,49238,37579,33215
202104중순,41476,35121,35801
202104하순,57079,36926,42726
202105상순,39319,42662,28994
202105중순,38001,34242,36968
202105하순,55975,35474,35547
202106상순,61114,39900,39845
202106중순,50173,33215,34533
202106하순,46993,31728,51835
202107상순,61143,37927,46772
202107중순,52495,43580,49923
202107하순,47988,47481,33604
202108상순,44129,42121,37218
202108중순,24445,52285,54192
202108하순,34627,59094,65452
202109상순,44276,63090,79217
202109중순,54525,75311,86582
202109하순,33802,47730,127757
202110상순,29688,39672,50455
202110중순,42657,35367,43488
202110하순,90290,38481,40903
202111상순,79000,44519,43622
202111중순,47346,36789,36504
202111하순,33367,28651,24407
202112상순,36652,24260,21443
202112중순,26387,24145,19906
202112하순,30348,37775,30310
202201상순,46217,39257,26784
202201중순,61416,50031,43368
202201하순,76574,76950,77902
202202상순,84731,81307,118529
202202중순,80748,71334,106902
202202하순,84588,64626,104942
202203상순,84515,60865,88973
202203중순,61427,53086,63004
202203하순,68693,49140,68511
202204상순,71785,37822,49238
202204중순,60931,37149,41476
202204하순,33942,42886,57079
202205상순,62967,40175,39319
202205중순,44865,36147,38001
202205하순,51744,37784,55975
202206상순,50655,42127,61114
202206중순,55960,35245,50173
202206하순,54944,36988,46993
202207상순,66487,39914,61143
202207중순,103981,45328,52495
202207하순,46026,46443,47988
202208상순,63137,44424,44129
202208중순,51427,46603,24445
202208하순,73060,55301,34627
202209상순,114675,54534,44276
202209중순,53073,64625,54525
202209하순,44027,46280,33802
202210상순,49299,37324,29688
202210중순,41692,36739,42657
202210하순,67865,41688,90290
202211상순,60348,44519,79000
202211중순,34245,36789,47346
202211하순,25063,27703,33367
202212상순,24537,24260,36652
202212중순,29460,23942,26387
202212하순,44965,32063,30348
202301상순,60253,37808,46217
202301중순,69790,50031,61416
202301하순,85776,76047,76574
202302상순,102731,88412,84731
202302중순,147231,79373,80748
202302하순,139222,74326,84588
202303상순,95371,68898,84515
202303중순,87829,59455,61427
202303하순,42791,58722,68693
202304상순,68462,42106,71785
202304중순,78008,37149,60931
202304하순,46994,36424,33942
202305상순,51731,42009,62967
202305중순,72360,38554,44865
202305하순,49333,40899,51744
202306상순,56825,44294,50655
202306중순,57651,40984,55960
202306하순,58754,43684,54944
202307상순,39020,48364,66487
202307중순,51202,48653,103981
202307하순,51261,42539,46026
202308상순,76286,47870,63137
202308중순,56649,49442,51427
202308하순,49490,59094,73060
202309상순,56839,62149,114675
202309중순,67420,59523,53073
202309하순,71268,48195,44027
202310상순,71449,40979,49299
202310중순,64817,41118,41692
202310하순,60673,51993,67865
202311상순,60937,52194,60348
202311중순,52905,37379,34245
202311하순,38465,27922,25063
202312상순,43926,25291,24537
202312중순,32131,25624,29460
202312하순,42077,35208,44965
202401상순,60703,43936,60253
202401중순,90206,55085,69790
202401하순,86735,77920,85776
202402상순,111845,90854,102731
202402중순,124383,85356,147231
202402하순,101423,89729,139222
202403상순,135458,79320,95371
202403중순,131807,61123,87829
202403하순,98038,53823,42791
202404상순,67555,51614,68462
202404중순,74573,46069,78008
202404하순,67446,41221,46994
202405상순,53979,45943,51731
202405중순,52050,41186,72360
202405하순,44127,45541,49333
202406상순,41523,49108,56825
202406중순,52831,48127,57651
202406하순,67752,51257,58754
202407상순,63065,48979,39020
202407중순,71134,51207,51202
202407하순,81182,42539,51261
202408상순,51576,49830,76286
202408중순,88634,54089,56649
202408하순,72364,57161,49490
202409상순,88476,63202,56839
202409중순,92680,58339,67420
202409하순,56354,54386,71268
202410상순,70343,47901,71449
202410중순,73170,42612,64817
202410하순,54775,58583,60673
202411상순,53664,57965,60937
202411중순,69107,41746,52905
202411하순,40859,31547,38465
202412상순,33148,29532,43926
202412중순,39719,27614,32131
202412하순,41053,39130,42077
202501상순,44234,52345,60703
202501중순,78000,63892,90206
202501하순,90796,80987,86735
202502상순,96540,99893,111845
202502중순,110998,104011,124383
202502하순,102726,96984,101423
202503상순,124005,89620,135458
202503중순,105959,70753,131807
202503하순,81685,62457,98038
202504상순,71334,61752,67555
202504중순,49230,58993,74573
202504하순,57060,48933,67446
202505상순,60899,48343,53979
202505중순,71544,44972,52050
202505하순,40282,48401,44127
202506상순,64055,49668,41523
202506중순,51696,52988,52831
202506하순,44980,55177,67752
202507상순,75228,56994,63065
202507중순,113555,58277,71134
202507하순,83774,48425,81182
202508상순,44980,52947,51576
202508중순,37860,54089,88634
202508하순,34064,62435,72364
202509상순,57269,74844,88476
202509중순,56316,69509,92680
202509하순,101673,57216,56354
202510상순,116489,56699,70343
202510중순,57569,50320,73170
202510하순,67714,61104,54775
202511상순,89513,58316,53664
202511중순,56040,45585,69107
202511하순,33175,32298,40859
202512상순,29954,31445,33148
202512중순,28826,29326,39719
202512하순,30923,37826,41053
202601상순,32510,50235,44234
202601중순,63220,69735,78000
202601하순,69102,83471,90796
202602상순,93446,103705,96540
202602중순,85788,114094,110998
202602하순,70149,103030,102726
202603상순,74264,102783,124005
202603중순,63717,85597,105959
202603하순,76275,72963,81685
202604상순,54966,69117,71334
202604중순,46021,61578,49230
202604하순,58334,53711,57060
202605상순,57847,55536,60899
202605중순,55203,56153,71544
202605하순,48561,48401,40282
202606상순,52096,56198,64055
202606중순,75687,53496,51696
202606하순,58786,53564,44980
202607상순,62484,63565,75228
202607중순,58381,75870,113555
202607하순,56683,60144,83774
202608상순,63170,53231,44980
202608중순,73018,48645,37860
202608하순,48071,52160,34064
202609상순,46655,67528,57269
202609중순,74196,59420,56316
202609하순,66330,57216,101673
