DATE,품목명,단위,등급명,평균가격,전년,평년
201801상순,홍고추,10키로,상,43262,91519,73207
201801중순,홍고추,10키로,상,33163,79952,72736
201801하순,홍고추,10키로,상,35065,95090,84144
201802상순,홍고추,10키로,상,37600,63474,86271
201802중순,홍고추,10키로,상,42730,47142,83134
201802하순,홍고추,10키로,상,40911,41871,58936
201803상순,홍고추,10키로,상,80031,81613,83234
201803중순,홍고추,10키로,상,105473,91620,94337
201803하순,홍고추,10키로,상,163534,82349,101219
201804상순,홍고추,10키로,상,137143,107948,117912
201804중순,홍고추,10키로,상,107685,100521,114404
201804하순,홍고추,10키로,상,86940,54930,67319
201805상순,홍고추,10키로,상,88369,40546,45009
201805중순,홍고추,10키로,상,59073,44278,40410
201805하순,홍고추,10키로,상,44135,80237,53216
201806상순,홍고추,10키로,상,60454,69074,56142
201806중순,홍고추,10키로,상,55845,44252,47370
201806하순,홍고추,10키로,상,59889,44579,41783
201807상순,홍고추,10키로,상,59681,46606,37628
201807중순,홍고추,10키로,상,50453,32158,31856
201807하순,홍고추,10키로,상,50768,37090,28361
201808상순,홍고추,10키로,상,46848,31030,25134
201808중순,홍고추,10키로,상,43357,28430,23123
201808하순,홍고추,10키로,상,40258,33634,21743
201809상순,홍고추,10키로,상,33618,60267,30338
201809중순,홍고추,10키로,상,55919,65237,39332
201809하순,홍고추,10키로,상,55062,89675,38525
201810상순,홍고추,10키로,상,62575,152557,45272
201810중순,홍고추,10키로,상,86615,64773,58862
201810하순,홍고추,10키로,상,114367,70430,69133
201811상순,홍고추,10키로,상,123091,71697,72253
201811중순,홍고추,10키로,상,73379,58843,63463
201811하순,홍고추,10키로,상,56808,59667,65443
201812상순,홍고추,10키로,상,51802,77140,81361
201812중순,홍고추,10키로,상,42591,78289,81414
201812하순,홍고추,10키로,상,38844,58662,84694
201901상순,홍고추,10키로,상,44388,43262,67613
201901중순,홍고추,10키로,상,45838,33163,65660
201901하순,홍고추,10키로,상,57953,35065,81395
201902상순,홍고추,10키로,상,80999,37600,74511
201902중순,홍고추,10키로,상,52629,42730,56497
201902하순,홍고추,10키로,상,62141,40911,48035
201903상순,홍고추,10키로,상,78235,80031,82016
201903중순,홍고추,10키로,상,69015,105473,94337
201903하순,홍고추,10키로,상,69553,163534,118017
201904상순,홍고추,10키로,상,62469,137143,132373
201904중순,홍고추,10키로,상,61441,107685,128021
201904하순,홍고추,10키로,상,59410,86940,82741
201905상순,홍고추,10키로,상,54180,88369,52899
201905중순,홍고추,10키로,상,41830,59073,42008
201905하순,홍고추,10키로,상,39473,44135,54499
201906상순,홍고추,10키로,상,58513,60454,59907
201906중순,홍고추,10키로,상,66855,55845,48828
201906하순,홍고추,10키로,상,58502,59889,47275
201907상순,홍고추,10키로,상,40067,59681,41769
201907중순,홍고추,10키로,상,43086,50453,36048
201907하순,홍고추,10키로,상,32937,50768,31613
201908상순,홍고추,10키로,상,31154,46848,28023
201908중순,홍고추,10키로,상,24364,43357,24793
201908하순,홍고추,10키로,상,21304,40258,25725
201909상순,홍고추,10키로,상,32305,33618,31122
201909중순,홍고추,10키로,상,24810,55919,42304
201909하순,홍고추,10키로,상,39357,55062,47409
201910상순,홍고추,10키로,상,76778,62575,55705
201910중순,홍고추,10키로,상,59317,86615,67480
201910하순,홍고추,10키로,상,57145,114367,82602
201911상순,홍고추,10키로,상,65467,123091,93482
201911중순,홍고추,10키로,상,77930,73379,68652
201911하순,홍고추,10키로,상,72404,56808,65355
201912상순,홍고추,10키로,상,72799,51802,71696
201912중순,홍고추,10키로,상,63319,42591,71949
201912하순,홍고추,10키로,상,54974,38844,73998
202001상순,홍고추,10키로,상,47186,44388,59723
202001중순,홍고추,10키로,상,57000,45838,54688
202001하순,홍고추,10키로,상,66500,57953,72219
202002상순,홍고추,10키로,상,39467,80999,81907
202002중순,홍고추,10키로,상,58165,52629,57853
202002하순,홍고추,10키로,상,75161,62141,51735
202003상순,홍고추,10키로,상,91086,78235,81381
202003중순,홍고추,10키로,상,116695,69015,86789
202003하순,홍고추,10키로,상,112732,69553,95994
202004상순,홍고추,10키로,상,121487,62469,112950
202004중순,홍고추,10키로,상,101010,61441,91679
202004하순,홍고추,10키로,상,61243,59410,67093
202005상순,홍고추,10키로,상,46705,54180,53543
202005중순,홍고추,10키로,상,35356,41830,42436
202005하순,홍고추,10키로,상,50496,39473,51166
202006상순,홍고추,10키로,상,50662,58513,62680
202006중순,홍고추,10키로,상,58150,66855,50451
202006하순,홍고추,10키로,상,41577,58502,52902
202007상순,홍고추,10키로,상,50369,40067,43391
202007중순,홍고추,10키로,상,37689,43086,35828
202007하순,홍고추,10키로,상,41586,32937,33371
202008상순,홍고추,10키로,상,50705,31154,29527
202008중순,홍고추,10키로,상,47723,24364,24979
202008하순,홍고추,10키로,상,45162,21304,25218
202009상순,홍고추,10키로,상,40427,32305,30577
202009중순,홍고추,10키로,상,57045,24810,40561
202009하순,홍고추,10키로,상,129302,39357,43723
202010상순,홍고추,10키로,상,155975,76778,65581
202010중순,홍고추,10키로,상,178341,59317,62674
202010하순,홍고추,10키로,상,197283,57145,75860
202011상순,홍고추,10키로,상,180463,65467,86752
202011중순,홍고추,10키로,상,131156,77930,70051
202011하순,홍고추,10키로,상,60442,72404,62960
202012상순,홍고추,10키로,상,48709,72799,67247
202012중순,홍고추,10키로,상,61297,63319,61400
202012하순,홍고추,10키로,상,57722,54974,50827
202101상순,홍고추,10키로,상,42699,47186,44945
202101중순,홍고추,10키로,상,44770,57000,47037
202101하순,홍고추,10키로,상,45361,66500,62689
202102상순,홍고추,10키로,상,74551,39467,61313
202102중순,홍고추,10키로,상,50770,58165,52646
202102하순,홍고추,10키로,상,62563,75161,51735
202103상순,홍고추,10키로,상,97039,91086,81381
202103중순,홍고추,10키로,상,128112,116695,93211
202103하순,홍고추,10키로,상,140872,112732,91124
202104상순,홍고추,10키로,상,170402,121487,107732
202104중순,홍고추,10키로,상,125406,101010,89454
202104하순,홍고추,10키로,상,89755,61243,58528
202105상순,홍고추,10키로,상,101305,46705,47706
202105중순,홍고추,10키로,상,58291,35356,42436
202105하순,홍고추,10키로,상,73048,50496,44972
202106상순,홍고추,10키로,상,57885,50662,56543
202106중순,홍고추,10키로,상,45216,58150,52749
202106하순,홍고추,10키로,상,62639,41577,48219
202107상순,홍고추,10키로,상,61830,50369,45681
202107중순,홍고추,10키로,상,70311,37689,37644
202107하순,홍고추,10키로,상,49195,41586,37204
202108상순,홍고추,10키로,상,38692,50705,36344
202108중순,홍고추,10키로,상,28092,47723,32050
202108하순,홍고추,10키로,상,25133,45162,31732
202109상순,홍고추,10키로,상,29798,40427,35450
202109중순,홍고추,10키로,상,43889,57045,50858
202109하순,홍고추,10키로,상,32981,129302,61365
202110상순,홍고추,10키로,상,33619,155975,97304
202110중순,홍고추,10키로,상,41747,178341,71773
202110하순,홍고추,10키로,상,58482,197283,94935
202111상순,홍고추,10키로,상,62231,180463,111532
202111중순,홍고추,10키로,상,43523,131156,94155
202111하순,홍고추,10키로,상,56365,60442,64171
202112상순,홍고추,10키로,상,68413,48709,67247
202112중순,홍고추,10키로,상,64285,61297,67635
202112하순,홍고추,10키로,상,60250,57722,57119
202201상순,홍고추,10키로,상,55310,42699,44945
202201중순,홍고추,10키로,상,52609,44770,49203
202201하순,홍고추,10키로,상,95525,45361,56605
202202상순,홍고추,10키로,상,72869,74551,59164
202202중순,홍고추,10키로,상,66047,50770,50181
202202하순,홍고추,10키로,상,100707,62563,55525
202203상순,홍고추,10키로,상,136237,97039,84243
202203중순,홍고추,10키로,상,121355,128112,104596
202203하순,홍고추,10키로,상,143105,140872,111984
202204상순,홍고추,10키로,상,130187,170402,122193
202204중순,홍고추,10키로,상,78710,125406,103072
202204하순,홍고추,10키로,상,70747,89755,69197
202205상순,홍고추,10키로,상,87323,101305,63085
202205중순,홍고추,10키로,상,103685,58291,48133
202205하순,홍고추,10키로,상,62100,73048,55893
202206상순,홍고추,10키로,상,74091,57885,58951
202206중순,홍고추,10키로,상,70269,45216,53070
202206하순,홍고추,10키로,상,44823,62639,54323
202207상순,홍고추,10키로,상,50339,61830,52219
202207중순,홍고추,10키로,상,41855,70311,43743
202207하순,홍고추,10키로,상,37746,49195,42624
202208상순,홍고추,10키로,상,40323,38692,38898
202208중순,홍고추,10키로,상,46041,28092,33293
202208하순,홍고추,10키로,상,41710,25133,33008
202209상순,홍고추,10키로,상,52559,29798,35450
202209중순,홍고추,10키로,상,55744,43889,52284
202209하순,홍고추,10키로,상,93342,32981,61365
202210상순,홍고추,10키로,상,124947,33619,97304
202210중순,홍고추,10키로,상,100433,41747,70235
202210하순,홍고추,10키로,상,128759,58482,81093
202211상순,홍고추,10키로,상,79709,62231,86752
202211중순,홍고추,10키로,상,64548,43523,70051
202211하순,홍고추,10키로,상,63037,56365,58972
202212상순,홍고추,10키로,상,81215,68413,64338
202212중순,홍고추,10키로,상,93553,64285,62967
202212하순,홍고추,10키로,상,108639,60250,57119
202301상순,홍고추,10키로,상,92146,55310,44945
202301중순,홍고추,10키로,상,94656,52609,47739
202301하순,홍고추,10키로,상,73299,95525,56605
202302상순,홍고추,10키로,상,54471,72869,62296
202302중순,홍고추,10키로,상,75151,66047,53855
202302하순,홍고추,10키로,상,114893,100707,66622
202303상순,홍고추,10키로,상,150925,136237,89385
202303중순,홍고추,10키로,상,191964,121355,114507
202303하순,홍고추,10키로,상,212737,143105,132236
202304상순,홍고추,10키로,상,207382,130187,129606
202304중순,홍고추,10키로,상,196845,78710,95802
202304하순,홍고추,10키로,상,139075,70747,72977
202305상순,홍고추,10키로,상,61180,87323,76624
202305중순,홍고추,10키로,상,106633,103685,53065
202305하순,홍고추,10키로,상,94690,62100,52244
202306상순,홍고추,10키로,상,72625,74091,58951
202306중순,홍고추,10키로,상,105622,70269,60283
202306하순,홍고추,10키로,상,96997,44823,54405
202307상순,홍고추,10키로,상,60148,50339,53463
202307중순,홍고추,10키로,상,59801,41855,45131
202307하순,홍고추,10키로,상,56296,37746,42842
202308상순,홍고추,10키로,상,40199,40323,41954
202308중순,홍고추,10키로,상,38475,46041,39163
202308하순,홍고추,10키로,상,39214,41710,35700
202309상순,홍고추,10키로,상,42928,52559,35450
202309중순,홍고추,10키로,상,82278,55744,51851
202309하순,홍고추,10키로,상,102483,93342,62587
202310상순,홍고추,10키로,상,87270,124947,88100
202310중순,홍고추,10키로,상,106710,100433,82122
202310하순,홍고추,10키로,상,88442,128759,100536
202311상순,홍고추,10키로,상,58507,79709,89423
202311중순,홍고추,10키로,상,52809,64548,71952
202311하순,홍고추,10키로,상,71273,63037,60096
202312상순,홍고추,10키로,상,80852,81215,64338
202312중순,홍고추,10키로,상,77846,93553,62967
202312하순,홍고추,10키로,상,69448,108639,57649
202401상순,홍고추,10키로,상,54157,92146,48961
202401중순,홍고추,10키로,상,48787,94656,51816
202401하순,홍고추,10키로,상,64385,73299,65917
202402상순,홍고추,10키로,상,76869,54471,67297
202402중순,홍고추,10키로,상,91038,75151,58947
202402하순,홍고추,10키로,상,152950,114893,79477
202403상순,홍고추,10키로,상,165036,150925,108120
202403중순,홍고추,10키로,상,144570,191964,122054
202403하순,홍고추,10키로,상,184237,212737,132236
202404상순,홍고추,10키로,상,241446,207382,140692
202404중순,홍고추,10키로,상,185788,196845,101709
202404하순,홍고추,10키로,상,212559,139075,73915
202405상순,홍고추,10키로,상,139545,61180,67561
202405중순,홍고추,10키로,상,81093,106633,67935
202405하순,홍고추,10키로,상,136484,94690,61881
202406상순,홍고추,10키로,상,78837,72625,63008
202406중순,홍고추,10키로,상,77378,105622,65091
202406하순,홍고추,10키로,상,70462,96997,55322
202407상순,홍고추,10키로,상,45248,60148,53618
202407중순,홍고추,10키로,상,48694,59801,48247
202407하순,홍고추,10키로,상,44104,56296,42842
202408상순,홍고추,10키로,상,39747,40199,39738
202408중순,홍고추,10키로,상,35345,38475,37536
202408하순,홍고추,10키로,상,42926,39214,35352
202409상순,홍고추,10키로,상,54235,42928,38553
202409중순,홍고추,10키로,상,89893,82278,52226
202409하순,홍고추,10키로,상,96554,102483,78394
202410상순,홍고추,10키로,상,114740,87270,96332
202410중순,홍고추,10키로,상,118733,106710,88820
202410하순,홍고추,10키로,상,76642,88442,91894
202411상순,홍고추,10키로,상,94520,58507,69136
202411중순,홍고추,10키로,상,97987,52809,65096
202411하순,홍고추,10키로,상,135503,71273,64917
202412상순,홍고추,10키로,상,193900,80852,74021
202412중순,홍고추,10키로,상,246877,77846,68483
202412하순,홍고추,10키로,상,208514,69448,62473
202501상순,홍고추,10키로,상,126428,54157,52218
202501중순,홍고추,10키로,상,78414,48787,52799
202501하순,홍고추,10키로,상,93016,64385,68061
202502상순,홍고추,10키로,상,65046,76869,67297
202502중순,홍고추,10키로,상,65853,91038,66454
202502하순,홍고추,10키로,상,72393,152950,96921
202503상순,홍고추,10키로,상,104760,165036,128067
202503중순,홍고추,10키로,상,112784,144570,131346
202503하순,홍고추,10키로,상,108774,184237,156071
202504상순,홍고추,10키로,상,159360,241446,169323
202504중순,홍고추,10키로,상,155250,185788,137401
202504하순,홍고추,10키로,상,81644,212559,99859
202505상순,홍고추,10키로,상,92296,139545,83269
202505중순,홍고추,10키로,상,69639,81093,81023
202505하순,홍고추,10키로,상,57202,136484,76612
202506상순,홍고추,10키로,상,78382,78837,68200
202506중순,홍고추,10키로,상,101642,77378,68599
202506하순,홍고추,10키로,상,69654,70462,59308
202507상순,홍고추,10키로,상,70078,45248,53618
202507중순,홍고추,10키로,상,73154,48694,50117
202507하순,홍고추,10키로,상,47540,44104,44962
202508상순,홍고추,10키로,상,49113,39747,40090
202508중순,홍고추,10키로,상,38361,35345,39954
202508하순,홍고추,10키로,상,43135,42926,41283
202509상순,홍고추,10키로,상,39778,54235,45305
202509중순,홍고추,10키로,상,58701,89893,65022
202509하순,홍고추,10키로,상,61954,96554,97460
202510상순,홍고추,10키로,상,94607,114740,108985
202510중순,홍고추,10키로,상,56439,118733,108625
202510하순,홍고추,10키로,상,79064,76642,97948
202511상순,홍고추,10키로,상,152850,94520,78820
202511중순,홍고추,10키로,상,179881,97987,71781
202511하순,홍고추,10키로,상,206829,135503,64917
202512상순,홍고추,10키로,상,169885,193900,76827
202512중순,홍고추,10키로,상,110832,246877,78561
202512하순,홍고추,10키로,상,56471,208514,79446
202601상순,홍고추,10키로,상,40961,126428,67204
202601중순,홍고추,10키로,상,41392,78414,59937
202601하순,홍고추,10키로,상,38404,93016,76900
202602상순,홍고추,10키로,상,58607,65046,70822
202602중순,홍고추,10키로,상,84254,65853,69017
202602하순,홍고추,10키로,상,87503,72393,95998
202603상순,홍고추,10키로,상,153045,104760,130641
202603중순,홍고추,10키로,상,139308,112784,131346
202603하순,홍고추,10키로,상,106159,108774,156071
202604상순,홍고추,10키로,상,117486,159360,179048
202604중순,홍고추,10키로,상,94390,155250,155481
202604하순,홍고추,10키로,상,93112,81644,103491
202605상순,홍고추,10키로,상,125483,92296,93641
202605중순,홍고추,10키로,상,65225,69639,84806
202605하순,홍고추,10키로,상,87715,57202,76612
202606상순,홍고추,10키로,상,80926,78382,75033
202606중순,홍고추,10키로,상,58067,101642,83096
202606하순,홍고추,10키로,상,56199,69654,67585
202607상순,홍고추,10키로,상,65678,70078,57439
202607중순,홍고추,10키로,상,77690,73154,59602
202607하순,홍고추,10키로,상,48109,47540,46947
202608상순,홍고추,10키로,상,39925,49113,40090
202608중순,홍고추,10키로,상,37644,38361,37394
202608하순,홍고추,10키로,상,33710,43135,41283
202609상순,홍고추,10키로,상,59652,39778,45089
202609중순,홍고추,10키로,상,109496,58701,65574
