DATE,품목명,1위산지,1위물량,2위산지,2위물량,기타물량,총반입량
201801상순,홍고추,경상남도 진주시,14,광주광역시 광주 남구,3,6,23
201801중순,홍고추,경상남도 진주시,14,광주광역시 광주 남구,3,5,22
201801하순,홍고추,경상남도 진주시,16,경상남도 밀양시,2,3,21
201802상순,홍고추,경상남도 진주시,21,광주광역시 광주 남구,2,4,27
201802중순,홍고추,경상남도 진주시,21,광주광역시 광주 남구,2,5,27
201802하순,홍고추,경상남도 진주시,15,광주광역시 광주 남구,1,2,18
201803상순,홍고추,경상남도 진주시,14,광주광역시 광주 남구,7,5,25
201803중순,홍고추,경상남도 진주시,11,광주광역시 광주 남구,8,8,27
201803하순,홍고추,경상남도 진주시,14,광주광역시 광산구,7,10,31
201804상순,홍고추,경상남도 진주시,29,광주광역시 광산구,3,3,35
201804중순,홍고추,경상남도 진주시,37,경상남도 밀양시,1,2,40
201804하순,홍고추,경상남도 진주시,34,경상남도 밀양시,3,1,38
201805상순,홍고추,경상남도 진주시,46,경상남도 밀양시,3,1,50
201805중순,홍고추,경상남도 진주시,49,경상남도 밀양시,5,1,54
201805하순,홍고추,경상남도 진주시,79,경상남도 밀양시,10,1,90
201806상순,홍고추,경상남도 진주시,61,경상남도 밀양시,12,1,74
201806중순,홍고추,경상남도 진주시,63,경상남도 밀양시,18,2,83
201806하순,홍고추,경상남도 진주시,58,경상남도 밀양시,24,4,86
201807상순,홍고추,경상남도 진주시,38,경상남도 밀양시,25,7,69
201807중순,홍고추,경상남도 진주시,64,경상남도 밀양시,33,17,114
201807하순,홍고추,경상남도 진주시,44,경상남도 밀양시,21,73,138
201808상순,홍고추,충청남도 태안군,42,강원도 홍천군,39,129,210
201808중순,홍고추,강원도 홍천군,65,충청남도 태안군,34,141,241
201808하순,홍고추,강원도 홍천군,31,강원도 평창군,21,79,130
201809상순,홍고추,강원도 평창군,30,강원도 홍천군,27,52,108
201809중순,홍고추,강원도 평창군,36,강원도 인제군,8,32,76
201809하순,홍고추,강원도 평창군,18,강원도 인제군,5,14,37
201810상순,홍고추,강원도 평창군,24,강원도 인제군,5,18,47
201810중순,홍고추,강원도 평창군,11,광주광역시 광주 남구,7,22,40
201810하순,홍고추,광주광역시 광주 남구,9,강원도 평창군,6,20,34
201811상순,홍고추,경상남도 밀양시,9,광주광역시 광주 남구,7,16,32
201811중순,홍고추,경상남도 밀양시,17,광주광역시 광주 남구,8,15,40
201811하순,홍고추,경상남도 밀양시,10,광주광역시 광주 남구,9,13,32
201812상순,홍고추,경상남도 밀양시,10,광주광역시 광주 남구,6,17,32
201812중순,홍고추,경상남도 진주시,8,광주광역시 광주 남구,7,13,28
201812하순,홍고추,경상남도 진주시,10,광주광역시 광주 남구,7,10,28
201901상순,홍고추,경상남도 진주시,14,광주광역시 광주 남구,4,7,26
201901중순,홍고추,경상남도 진주시,12,광주광역시 광주 남구,3,5,20
201901하순,홍고추,경상남도 진주시,22,광주광역시 광주 남구,5,9,36
201902상순,홍고추,경상남도 진주시,19,광주광역시 광주 남구,5,2,25
201902중순,홍고추,경상남도 진주시,19,광주광역시 광주 남구,3,3,25
201902하순,홍고추,경상남도 진주시,14,광주광역시 광주 남구,1,3,18
201903상순,홍고추,경상남도 진주시,20,광주광역시 광주 남구,5,5,30
201903중순,홍고추,경상남도 진주시,27,광주광역시 광주 남구,8,6,42
201903하순,홍고추,경상남도 진주시,26,광주광역시 광주 남구,10,8,44
201904상순,홍고추,경상남도 진주시,38,광주광역시 광주 남구,6,6,50
201904중순,홍고추,경상남도 진주시,37,광주광역시 광주 남구,4,4,45
201904하순,홍고추,경상남도 진주시,50,경상남도 밀양시,2,3,55
201905상순,홍고추,경상남도 진주시,60,경상남도 밀양시,5,2,66
201905중순,홍고추,경상남도 진주시,68,경상남도 밀양시,6,1,75
201905하순,홍고추,경상남도 진주시,77,경상남도 밀양시,7,2,86
201906상순,홍고추,경상남도 진주시,58,경상남도 밀양시,13,2,74
201906중순,홍고추,경상남도 진주시,48,경상남도 밀양시,26,2,76
201906하순,홍고추,경상남도 진주시,42,경상남도 밀양시,33,4,79
201907상순,홍고추,경상남도 진주시,53,경상남도 밀양시,44,9,106
201907중순,홍고추,경상남도 진주시,38,경상남도 밀양시,37,17,93
201907하순,홍고추,경상남도 진주시,44,경상남도 밀양시,27,53,124
201908상순,홍고추,충청남도 태안군,23,경상남도 진주시,20,117,160
201908중순,홍고추,강원도 홍천군,57,충청남도 태안군,45,177,279
201908하순,홍고추,강원도 홍천군,71,충청남도 태안군,36,179,286
201909상순,홍고추,강원도 평창군,27,강원도 홍천군,20,66,113
201909중순,홍고추,강원도 평창군,24,강원도 홍천군,14,28,66
201909하순,홍고추,강원도 평창군,25,강원도 인제군,8,25,58
201910상순,홍고추,강원도 평창군,21,광주광역시 광주 남구,6,30,57
201910중순,홍고추,강원도 평창군,18,강원도 인제군,7,24,50
201910하순,홍고추,강원도 평창군,15,광주광역시 광주 남구,12,39,66
201911상순,홍고추,광주광역시 ,9,경상남도 밀양시,7,22,38
201911중순,홍고추,경상남도 밀양시,14,광주광역시 광주 남구,6,21,40
201911하순,홍고추,경상남도 밀양시,14,광주광역시 ,6,17,37
201912상순,홍고추,경상남도 밀양시,7,광주광역시 광주 남구,6,16,28
201912중순,홍고추,경상남도 진주시,11,광주광역시 ,7,14,32
201912하순,홍고추,경상남도 진주시,16,광주광역시 ,6,13,35
202001상순,홍고추,경상남도 진주시,14,광주광역시 ,4,6,25
202001중순,홍고추,경상남도 진주시,19,광주광역시 광주 남구,3,5,27
202001하순,홍고추,경상남도 진주시,31,광주광역시 ,6,7,43
202002상순,홍고추,경상남도 진주시,17,광주광역시 광주 남구,2,2,21
202002중순,홍고추,경상남도 진주시,22,광주광역시 광주 남구,1,2,24
202002하순,홍고추,경상남도 진주시,18,광주광역시 광주 남구,3,3,24
202003상순,홍고추,경상남도 진주시,16,광주광역시 광주 남구,3,5,23
202003중순,홍고추,경상남도 진주시,18,광주광역시 광주 남구,7,7,32
202003하순,홍고추,경상남도 진주시,24,광주광역시 광주 남구,14,4,42
202004상순,홍고추,경상남도 진주시,27,광주광역시 광주 남구,8,3,38
202004중순,홍고추,경상남도 진주시,33,광주광역시 광주 남구,2,1,36
202004하순,홍고추,경상남도 진주시,45,광주광역시 광주 남구,1,1,48
202005상순,홍고추,경상남도 진주시,56,경상남도 밀양시,2,0,58
202005중순,홍고추,경상남도 진주시,86,경상남도 밀양시,6,1,92
202005하순,홍고추,경상남도 진주시,76,경상남도 밀양시,5,2,82
202006상순,홍고추,경상남도 진주시,76,경상남도 밀양시,18,5,99
202006중순,홍고추,경상남도 진주시,79,경상남도 밀양시,38,4,121
202006하순,홍고추,경상남도 진주시,66,경상남도 밀양시,49,6,121
202007상순,홍고추,경상남도 진주시,63,경상남도 밀양시,50,12,124
202007중순,홍고추,경상남도 진주시,55,경상남도 밀양시,43,22,120
202007하순,홍고추,경상남도 진주시,53,경상남도 밀양시,34,56,143
202008상순,홍고추,강원도 평창군,16,강원도 철원군,12,69,96
202008중순,홍고추,강원도 홍천군,55,강원도 평창군,25,103,183
202008하순,홍고추,강원도 홍천군,89,강원도 평창군,52,142,284
202009상순,홍고추,강원도 홍천군,63,강원도 평창군,55,96,215
202009중순,홍고추,강원도 평창군,47,강원도 홍천군,25,57,129
202009하순,홍고추,강원도 평창군,51,강원도 인제군,11,53,115
202010상순,홍고추,강원도 평창군,15,광주광역시 광주 남구,6,23,44
202010중순,홍고추,광주광역시 광주 남구,12,강원도 평창군,11,24,48
202010하순,홍고추,광주광역시 광주 남구,11,강원도 평창군,10,30,51
202011상순,홍고추,경상남도 밀양시,13,광주광역시 광주 남구,9,23,44
202011중순,홍고추,경상남도 밀양시,19,광주광역시 광주 남구,8,19,46
202011하순,홍고추,경상남도 밀양시,17,광주광역시 광주 남구,12,22,51
202012상순,홍고추,경상남도 밀양시,14,광주광역시 광주 남구,11,22,48
202012중순,홍고추,경상남도 진주시,8,광주광역시 광주 남구,6,21,35
202012하순,홍고추,경상남도 진주시,20,전라남도 영암군,9,27,56
202101상순,홍고추,경상남도 진주시,21,광주광역시 광주 남구,4,7,32
202101중순,홍고추,경상남도 진주시,29,광주광역시 광주 남구,3,8,40
202101하순,홍고추,경상남도 진주시,35,광주광역시 광주 남구,4,6,46
202102상순,홍고추,경상남도 진주시,42,광주광역시 광주 남구,8,14,63
202102중순,홍고추,경상남도 진주시,27,광주광역시 광주 남구,4,5,36
202102하순,홍고추,경상남도 진주시,19,광주광역시 광주 남구,1,3,24
202103상순,홍고추,경상남도 진주시,29,광주광역시 광주 남구,10,12,52
202103중순,홍고추,경상남도 진주시,18,광주광역시 광주 남구,16,17,52
202103하순,홍고추,경상남도 진주시,29,광주광역시 광주 남구,12,20,60
202104상순,홍고추,경상남도 진주시,39,광주광역시 광주 남구,6,6,52
202104중순,홍고추,경상남도 진주시,63,경상남도 밀양시,2,3,68
202104하순,홍고추,경상남도 진주시,62,경상남도 밀양시,2,0,64
202105상순,홍고추,경상남도 진주시,68,경상남도 밀양시,4,1,73
202105중순,홍고추,경상남도 진주시,92,경상남도 밀양시,10,2,104
202105하순,홍고추,경상남도 진주시,101,경상남도 밀양시,17,2,120
202106상순,홍고추,경상남도 진주시,83,경상남도 밀양시,32,2,117
202106중순,홍고추,경상남도 진주시,63,경상남도 밀양시,35,4,102
202106하순,홍고추,경상남도 진주시,68,경상남도 밀양시,60,9,137
202107상순,홍고추,경상남도 밀양시,62,경상남도 진주시,49,18,129
202107중순,홍고추,경상남도 진주시,49,경상남도 밀양시,41,32,122
202107하순,홍고추,경상남도 진주시,58,경상남도 밀양시,48,180,286
202108상순,홍고추,강원도 홍천군,63,충청남도 태안군,38,252,352
202108중순,홍고추,강원도 홍천군,137,강원도 평창군,68,385,589
202108하순,홍고추,강원도 평창군,67,강원도 홍천군,62,138,267
202109상순,홍고추,강원도 평창군,50,강원도 홍천군,45,78,174
202109중순,홍고추,강원도 평창군,47,강원도 홍천군,18,69,134
202109하순,홍고추,강원도 평창군,36,강원도 인제군,12,46,93
202110상순,홍고추,강원도 평창군,27,광주광역시 광주 남구,9,35,71
202110중순,홍고추,강원도 평창군,29,광주광역시 광주 남구,24,44,96
202110하순,홍고추,광주광역시 광산구,13,광주광역시 광주 남구,12,35,60
202111상순,홍고추,경상남도 밀양시,26,광주광역시 광주 남구,14,26,66
202111중순,홍고추,경상남도 밀양시,19,광주광역시 광주 남구,12,17,49
202111하순,홍고추,광주광역시 광주 남구,15,경상남도 밀양시,13,14,42
202112상순,홍고추,광주광역시 광주 남구,13,경상남도 진주시,12,20,45
202112중순,홍고추,광주광역시 광주 남구,12,경상남도 진주시,12,19,42
202112하순,홍고추,경상남도 진주시,25,광주광역시 광주 남구,10,16,51
202201상순,홍고추,경상남도 진주시,29,광주광역시 광주 남구,7,5,41
202201중순,홍고추,경상남도 진주시,30,광주광역시 광주 남구,4,6,41
202201하순,홍고추,경상남도 진주시,39,광주광역시 광주 남구,9,11,59
202202상순,홍고추,경상남도 진주시,27,광주광역시 광주 남구,4,5,36
202202중순,홍고추,경상남도 진주시,25,광주광역시 광주 남구,4,3,32
202202하순,홍고추,경상남도 진주시,22,광주광역시 광주 남구,4,3,30
202203상순,홍고추,경상남도 진주시,23,광주광역시 광주 남구,11,12,46
202203중순,홍고추,경상남도 진주시,28,광주광역시 광주 남구,12,9,49
202203하순,홍고추,경상남도 진주시,37,광주광역시 광주 남구,13,10,60
202204상순,홍고추,경상남도 진주시,41,광주광역시 광주 남구,7,4,53
202204중순,홍고추,경상남도 진주시,65,광주광역시 광주 남구,3,4,73
202204하순,홍고추,경상남도 진주시,72,경상남도 밀양시,3,2,77
202205상순,홍고추,경상남도 진주시,82,경상남도 밀양시,3,2,87
202205중순,홍고추,경상남도 진주시,85,경상남도 밀양시,10,2,98
202205하순,홍고추,경상남도 진주시,102,경상남도 밀양시,22,2,126
202206상순,홍고추,경상남도 진주시,82,경상남도 밀양시,25,2,108
202206중순,홍고추,경상남도 진주시,73,경상남도 밀양시,42,3,118
202206하순,홍고추,경상남도 진주시,87,경상남도 밀양시,48,9,144
202207상순,홍고추,경상남도 진주시,54,경상남도 밀양시,31,12,97
202207중순,홍고추,경상남도 진주시,69,경상남도 밀양시,32,58,159
202207하순,홍고추,경상남도 진주시,50,경상남도 밀양시,18,159,228
202208상순,홍고추,강원도 홍천군,32,강원도 평창군,20,151,203
202208중순,홍고추,강원도 홍천군,44,강원도 평창군,31,103,178
202208하순,홍고추,강원도 홍천군,63,강원도 평창군,59,149,271
202209상순,홍고추,강원도 평창군,53,강원도 홍천군,21,82,156
202209중순,홍고추,강원도 평창군,40,강원도 횡성군,12,46,98
202209하순,홍고추,강원도 평창군,36,강원도 양구군,10,44,90
202210상순,홍고추,강원도 평창군,19,광주광역시 광주 남구,13,44,76
202210중순,홍고추,강원도 평창군,15,광주광역시 광주 남구,15,38,68
202210하순,홍고추,광주광역시 광주 남구,20,강원도 평창군,9,40,69
202211상순,홍고추,광주광역시 광주 남구,20,경상남도 밀양시,12,37,69
202211중순,홍고추,경상남도 밀양시,19,광주광역시 광주 남구,18,29,65
202211하순,홍고추,광주광역시 광주 남구,25,경상남도 밀양시,18,28,71
202212상순,홍고추,광주광역시 광주 남구,21,경상남도 진주시,9,29,59
202212중순,홍고추,광주광역시 광주 남구,18,경상남도 진주시,9,18,45
202212하순,홍고추,경상남도 진주시,24,광주광역시 광주 남구,19,18,61
202301상순,홍고추,경상남도 진주시,26,광주광역시 광주 남구,8,8,42
202301중순,홍고추,경상남도 진주시,45,광주광역시 광주 남구,14,16,75
202301하순,홍고추,경상남도 진주시,40,광주광역시 광주 남구,4,4,47
202302상순,홍고추,경상남도 진주시,39,광주광역시 광주 남구,5,3,47
202302중순,홍고추,경상남도 진주시,29,광주광역시 광주 남구,3,3,34
202302하순,홍고추,경상남도 진주시,29,광주광역시 광주 남구,4,5,38
202303상순,홍고추,경상남도 진주시,32,광주광역시 광주 남구,10,11,53
202303중순,홍고추,경상남도 진주시,28,광주광역시 광주 남구,17,7,52
202303하순,홍고추,경상남도 진주시,36,광주광역시 광주 남구,23,3,62
202304상순,홍고추,경상남도 진주시,44,광주광역시 광주 남구,8,1,53
202304중순,홍고추,경상남도 진주시,53,광주광역시 광주 남구,2,1,57
202304하순,홍고추,경상남도 진주시,65,경상남도 밀양시,3,1,69
202305상순,홍고추,경상남도 진주시,96,경상남도 밀양시,6,1,102
202305중순,홍고추,경상남도 진주시,87,경상남도 밀양시,9,0,96
202305하순,홍고추,경상남도 진주시,101,경상남도 밀양시,18,2,121
202306상순,홍고추,경상남도 진주시,97,경상남도 밀양시,25,3,124
202306중순,홍고추,경상남도 진주시,65,경상남도 밀양시,44,4,113
202306하순,홍고추,경상남도 진주시,65,경상남도 밀양시,56,13,134
202307상순,홍고추,경상남도 진주시,57,경상남도 밀양시,42,19,119
202307중순,홍고추,경상남도 진주시,42,경상남도 밀양시,30,40,111
202307하순,홍고추,경상남도 진주시,28,경상남도 밀양시,19,117,164
202308상순,홍고추,강원도 홍천군,80,강원도 평창군,32,198,310
202308중순,홍고추,강원도 홍천군,76,강원도 평창군,50,174,300
202308하순,홍고추,강원도 평창군,57,강원도 홍천군,49,141,248
202309상순,홍고추,강원도 평창군,47,강원도 홍천군,24,86,156
202309중순,홍고추,강원도 평창군,45,강원도 횡성군,14,67,126
202309하순,홍고추,강원도 평창군,44,강원도 횡성군,13,47,104
202310상순,홍고추,강원도 평창군,28,강원도 양구군,9,42,79
202310중순,홍고추,강원도 평창군,13,광주광역시 광주 남구,12,44,69
202310하순,홍고추,광주광역시 광주 남구,21,전라남도 나주시,13,47,81
202311상순,홍고추,광주광역시 광주 남구,28,전라남도 나주시,10,40,79
202311중순,홍고추,광주광역시 광주 남구,28,전라남도 나주시,11,20,60
202311하순,홍고추,광주광역시 광주 남구,29,전라남도 나주시,14,20,62
202312상순,홍고추,광주광역시 광주 남구,14,전라남도 나주시,12,20,47
202312중순,홍고추,광주광역시 광주 남구,20,경상남도 진주시,12,26,57
202312하순,홍고추,경상남도 진주시,19,광주광역시 광주 남구,15,21,55
202401상순,홍고추,경상남도 진주시,27,광주광역시 광주 남구,9,6,43
202401중순,홍고추,경상남도 진주시,41,광주광역시 광주 남구,4,4,49
202401하순,홍고추,경상남도 진주시,40,광주광역시 광주 남구,6,3,49
202402상순,홍고추,경상남도 진주시,45,광주광역시 광주 남구,8,14,67
202402중순,홍고추,경상남도 진주시,29,광주광역시 광주 남구,5,7,41
202402하순,홍고추,경상남도 진주시,17,광주광역시 광산구,6,9,31
202403상순,홍고추,광주광역시 광주 남구,21,경상남도 진주시,20,11,51
202403중순,홍고추,경상남도 진주시,32,광주광역시 광주 남구,15,9,56
202403하순,홍고추,경상남도 진주시,25,광주광역시 광주 남구,24,6,55
202404상순,홍고추,경상남도 진주시,37,광주광역시 광주 남구,18,5,60
202404중순,홍고추,경상남도 진주시,41,광주광역시 광주 남구,3,2,46
202404하순,홍고추,경상남도 진주시,52,경상남도 밀양시,2,2,56
202405상순,홍고추,경상남도 진주시,89,경상남도 밀양시,2,2,93
202405중순,홍고추,경상남도 진주시,84,경상남도 밀양시,6,1,91
202405하순,홍고추,경상남도 진주시,87,경상남도 밀양시,13,2,102
202406상순,홍고추,경상남도 진주시,76,경상남도 밀양시,34,2,112
202406중순,홍고추,경상남도 진주시,76,경상남도 밀양시,45,3,124
202406하순,홍고추,경상남도 진주시,63,경상남도 밀양시,59,8,130
202407상순,홍고추,경상남도 진주시,85,경상남도 밀양시,56,18,159
202407중순,홍고추,경상남도 진주시,76,경상남도 밀양시,28,26,130
202407하순,홍고추,경상남도 진주시,33,경상남도 밀양시,19,90,142
202408상순,홍고추,강원도 홍천군,69,강원도 평창군,26,178,273
202408중순,홍고추,강원도 홍천군,84,강원도 평창군,49,169,302
202408하순,홍고추,강원도 평창군,54,강원도 홍천군,40,115,210
202409상순,홍고추,강원도 평창군,49,강원도 양구군,22,76,147
202409중순,홍고추,강원도 평창군,31,강원도 인제군,11,37,79
202409하순,홍고추,강원도 평창군,30,강원도 인제군,11,41,81
202410상순,홍고추,강원도 평창군,27,강원도 인제군,12,37,76
202410중순,홍고추,강원도 평창군,19,광주광역시 광주 남구,11,32,61
202410하순,홍고추,광주광역시 광주 남구,21,강원도 평창군,18,46,86
202411상순,홍고추,광주광역시 광주 남구,19,전라남도 나주시,7,27,53
202411중순,홍고추,광주광역시 광주 남구,27,전라남도 나주시,10,28,66
202411하순,홍고추,광주광역시 광주 남구,21,전라남도 나주시,11,24,56
202412상순,홍고추,광주광역시 광주 남구,17,전라남도 나주시,6,17,40
202412중순,홍고추,경상남도 진주시,11,광주광역시 광주 남구,10,17,39
202412하순,홍고추,경상남도 진주시,22,광주광역시 광주 남구,12,16,49
202501상순,홍고추,경상남도 진주시,27,광주광역시 광주 남구,6,7,40
202501중순,홍고추,경상남도 진주시,38,광주광역시 광주 남구,6,6,49
202501하순,홍고추,경상남도 진주시,37,광주광역시 광주 남구,9,7,53
202502상순,홍고추,경상남도 진주시,44,광주광역시 광주 남구,4,4,52
202502중순,홍고추,경상남도 진주시,32,전라남도 나주시,2,4,39
202502하순,홍고추,경상남도 진주시,27,경상남도 밀양시,2,4,34
202503상순,홍고추,경상남도 진주시,31,광주광역시 광주 남구,4,7,42
202503중순,홍고추,경상남도 진주시,28,광주광역시 광주 남구,13,9,51
202503하순,홍고추,경상남도 진주시,40,광주광역시 광주 남구,12,12,64
202504상순,홍고추,경상남도 진주시,38,광주광역시 광주 남구,9,8,54
202504중순,홍고추,경상남도 진주시,51,광주광역시 광주 남구,6,4,61
202504하순,홍고추,경상남도 진주시,74,광주광역시 광주 남구,3,4,81
202505상순,홍고추,경상남도 진주시,74,경상남도 밀양시,4,2,81
202505중순,홍고추,경상남도 진주시,89,경상남도 밀양시,6,1,96
202505하순,홍고추,경상남도 진주시,118,경상남도 밀양시,12,0,130
202506상순,홍고추,경상남도 진주시,83,경상남도 밀양시,22,0,106
202506중순,홍고추,경상남도 진주시,71,경상남도 밀양시,41,1,114
202506하순,홍고추,경상남도 진주시,78,경상남도 밀양시,41,6,126
202507상순,홍고추,경상남도 진주시,60,경상남도 밀양시,27,13,101
202507중순,홍고추,경상남도 진주시,51,경상남도 밀양시,24,30,105
202507하순,홍고추,경상남도 진주시,44,경상남도 밀양시,17,117,179
202508상순,홍고추,강원도 홍천군,39,강원도 평창군,20,115,175
202508중순,홍고추,강원도 홍천군,72,강원도 평창군,47,147,266
202508하순,홍고추,강원도 평창군,51,강원도 홍천군,41,92,184
202509상순,홍고추,강원도 평창군,45,강원도 인제군,32,94,171
202509중순,홍고추,강원도 평창군,40,강원도 인제군,21,62,123
202509하순,홍고추,강원도 평창군,38,강원도 인제군,17,57,112
202510상순,홍고추,강원도 평창군,27,광주광역시 광주 남구,11,35,73
202510중순,홍고추,강원도 평창군,17,광주광역시 광주 남구,17,54,88
202510하순,홍고추,광주광역시 광주 남구,25,전라남도 나주시,13,45,83
202511상순,홍고추,광주광역시 광주 남구,15,전라남도 나주시,9,23,46
202511중순,홍고추,광주광역시 광주 남구,16,전라남도 나주시,11,31,58
202511하순,홍고추,광주광역시 광주 남구,11,경상남도 밀양시,8,21,41
202512상순,홍고추,광주광역시 광주 남구,12,경상남도 진주시,10,28,51
202512중순,홍고추,경상남도 진주시,22,광주광역시 광주 남구,13,17,53
202512하순,홍고추,경상남도 진주시,43,광주광역시 광주 남구,8,10,60
202601상순,홍고추,경상남도 진주시,40,전라남도 나주시,2,3,46
202601중순,홍고추,경상남도 진주시,50,전라북도 고창군,2,4,55
202601하순,홍고추,경상남도 진주시,49,경상남도 밀양시,2,3,54
202602상순,홍고추,경상남도 진주시,44,광주광역시 광주 남구,4,7,55
202602중순,홍고추,경상남도 진주시,46,광주광역시 광주 남구,2,3,51
202602하순,홍고추,경상남도 진주시,33,광주광역시 광주 남구,2,3,38
202603상순,홍고추,경상남도 진주시,30,광주광역시 광주 남구,11,7,48
202603중순,홍고추,경상남도 진주시,40,광주광역시 광주 남구,13,10,63
202603하순,홍고추,경상남도 진주시,51,광주광역시 광주 남구,13,7,71
202604상순,홍고추,경상남도 진주시,45,광주광역시 광주 남구,17,6,68
202604중순,홍고추,경상남도 진주시,105,광주광역시 광주 남구,8,6,118
202604하순,홍고추,경상남도 진주시,98,경상남도 밀양시,4,4,106
202605상순,홍고추,경상남도 진주시,62,경상남도 밀양시,7,0,68
202605중순,홍고추,경상남도 진주시,115,경상남도 밀양시,16,0,131
202605하순,홍고추,경상남도 진주시,88,경상남도 밀양시,24,1,113
202606상순,홍고추,경상남도 진주시,95,경상남도 밀양시,41,2,139
202606중순,홍고추,경상남도 진주시,82,경상남도 밀양시,42,6,130
202606하순,홍고추,경상남도 진주시,79,경상남도 밀양시,46,11,136
202607상순,홍고추,경상남도 진주시,93,경상남도 밀양시,43,17,153
202607중순,홍고추,경상남도 진주시,65,경상남도 밀양시,51,57,173
202607하순,홍고추,경상남도 진주시,47,경상남도 밀양시,41,209,297
202608상순,홍고추,강원도 홍천군,53,경상북도 영주시,47,324,423
202608중순,홍고추,강원도 평창군,82,강원도 홍천군,68,400,550
202608하순,홍고추,강원도 평창군,58,강원도 홍천군,37,118,213
202609상순,홍고추,강원도 평창군,39,강원도 인제군,16,63,118
202609중순,홍고추,강원도 평창군,29,강원도 홍천군,14,50,93
