series,ym,ton,ton_ytd,ton_ytd_bfyear
dried,199406,0.0,0.0,0.0
dried,199407,0.0,0.0,0.0
dried,199408,0.0,0.0,0.0
dried,199409,0.0,0.0,0.0
dried,199410,0.0,0.0,0.0
dried,199411,0.0,0.0,0.0
dried,199412,0.0,0.0,0.0
dried,199501,0.0,0.0,0.0
dried,199502,0.0,0.0,0.0
dried,199503,0.0,0.0,0.0
dried,199504,0.0,0.0,0.0
dried,199505,0.0,0.0,0.0
dried,199506,0.0,0.0,0.0
dried,199507,0.0,0.0,0.0
dried,199508,0.0,0.0,0.0
dried,199509,0.0,0.0,0.0
dried,199510,0.0,0.0,0.0
dried,199511,0.0,0.0,0.0
dried,199512,0.0,0.0,0.0
dried,199601,0.0,0.0,0.0
dried,199602,0.0,0.0,0.0
dried,199603,0.0,0.0,0.0
dried,199604,0.0,0.0,0.0
dried,199605,0.0,0.0,0.0
dried,199606,0.0,0.0,0.0
dried,199607,0.0,0.0,0.0
dried,199608,0.0,0.0,0.0
dried,199609,0.0,0.0,0.0
dried,199610,0.0,0.0,0.0
dried,199611,0.0,0.0,0.0
dried,199612,0.0,0.0,0.0
dried,199701,0.0,0.0,0.0
dried,199702,0.0,0.0,0.0
dried,199703,0.0,0.0,0.0
dried,199704,0.0,0.0,0.0
dried,199705,0.0,0.0,0.0
dried,199706,0.0,0.0,0.0
dried,199707,0.0,0.0,0.0
dried,199708,0.0,0.0,0.0
dried,199709,0.0,0.0,0.0
dried,199710,0.0,0.0,0.0
dried,199711,0.0,0.0,0.0
dried,199712,0.0,0.0,0.0
dried,199801,0.0,0.0,0.0
dried,199802,0.0,0.0,0.0
dried,199803,0.0,0.0,0.0
dried,199804,0.0,0.0,0.0
dried,199805,0.0,0.0,0.0
dried,199806,0.0,0.0,0.0
dried,199807,0.0,0.0,0.0
dried,199808,0.0,0.0,0.0
dried,199809,0.0,0.0,0.0
dried,199810,0.0,0.0,0.0
dried,199811,0.0,0.0,0.0
dried,199812,0.0,0.0,0.0
dried,199901,0.0,0.0,0.0
dried,199902,0.0,0.0,0.0
dried,199903,0.0,0.0,0.0
dried,199904,0.0,0.0,0.0
dried,199905,0.0,0.0,0.0
dried,199906,0.0,0.0,0.0
dried,199907,0.0,0.0,0.0
dried,199908,0.0,0.0,0.0
dried,199909,0.0,0.0,0.0
dried,199910,0.0,0.0,0.0
dried,199911,0.0,0.0,0.0
dried,199912,0.0,0.0,0.0
dried,200001,0.0,0.0,0.0
dried,200002,0.0,0.0,0.0
dried,200003,0.0,0.0,0.0
dried,200004,0.0,0.0,0.0
dried,200005,0.0,0.0,0.0
dried,200006,0.0,0.0,0.0
dried,200007,0.0,0.0,0.0
dried,200008,0.0,0.0,0.0
dried,200009,0.0,0.0,0.0
dried,200010,0.0,0.0,0.0
dried,200011,0.0,0.0,0.0
dried,200012,0.0,0.0,0.0
dried,200101,0.0,0.0,0.0
dried,200102,0.0,0.0,0.0
dried,200103,0.0,0.0,0.0
dried,200104,0.0,0.0,0.0
dried,200105,0.0,0.0,0.0
dried,200106,0.0,0.0,0.0
dried,200107,0.0,0.0,0.0
dried,200108,0.0,0.0,0.0
dried,200109,0.0,0.0,0.0
dried,200110,0.0,0.0,0.0
dried,200111,0.0,0.0,0.0
dried,200112,0.0,0.0,0.0
dried,200201,0.0,0.0,0.0
dried,200202,0.0,0.0,0.0
dried,200203,0.0,0.0,0.0
dried,200204,0.0,0.0,0.0
dried,200205,0.0,0.0,0.0
dried,200206,0.0,0.0,0.0
dried,200207,0.0,0.0,0.0
dried,200208,0.0,0.0,0.0
dried,200209,0.0,0.0,0.0
dried,200210,0.0,0.0,0.0
dried,200211,0.0,0.0,0.0
dried,200212,0.0,0.0,0.0
dried,200301,0.0,0.0,0.0
dried,200302,0.0,0.0,0.0
dried,200303,0.0,0.0,0.0
dried,200304,0.0,0.0,0.0
dried,200305,0.0,0.0,0.0
dried,200306,0.0,0.0,0.0
dried,200307,0.0,0.0,0.0
dried,200308,0.0,0.0,0.0
dried,200309,0.0,0.0,0.0
dried,200310,0.0,0.0,0.0
dried,200311,0.0,0.0,0.0
dried,200312,0.0,0.0,0.0
dried,200401,0.0,0.0,0.0
dried,200402,0.0,0.0,0.0
dried,200403,0.0,0.0,0.0
dried,200404,0.0,0.0,0.0
dried,200405,0.0,0.0,0.0
dried,200406,0.0,0.0,0.0
dried,200407,0.0,0.0,0.0
dried,200408,0.0,0.0,0.0
dried,200409,0.0,0.0,0.0
dried,200410,0.0,0.0,0.0
dried,200411,0.0,0.0,0.0
dried,200412,0.0,0.0,0.0
dried,200501,0.0,0.0,0.0
dried,200502,0.0,0.0,0.0
dried,200503,0.0,0.0,0.0
dried,200504,0.0,0.0,0.0
dried,200505,0.0,0.0,0.0
dried,200506,0.0,0.0,0.0
dried,200507,0.0,0.0,0.0
dried,200508,0.0,0.0,0.0
dried,200509,0.0,0.0,0.0
dried,200510,0.0,0.0,0.0
dried,200511,0.0,0.0,0.0
dried,200512,0.0,0.0,0.0
dried,200601,0.0,0.0,0.0
dried,200602,0.0,0.0,0.0
dried,200603,0.0,0.0,0.0
dried,200604,0.0,0.0,0.0
dried,200605,0.0,0.0,0.0
dried,200606,0.0,0.0,0.0
dried,200607,0.0,0.0,0.0
dried,200608,0.0,0.0,0.0
dried,200609,0.0,0.0,0.0
dried,200610,0.0,0.0,0.0
dried,200611,0.0,0.0,0.0
dried,200612,0.0,0.0,0.0
dried,200701,0.0,0.0,0.0
dried,200702,0.0,0.0,0.0
dried,200703,0.0,0.0,0.0
dried,200704,0.0,0.0,0.0
dried,200705,0.0,0.0,0.0
dried,200706,0.0,0.0,0.0
dried,200707,0.0,0.0,0.0
dried,200708,0.0,0.0,0.0
dried,200709,0.0,0.0,0.0
dried,200710,0.0,0.0,0.0
dried,200711,0.0,0.0,0.0
dried,200712,0.0,0.0,0.0
dried,200801,0.0,0.0,0.0
dried,200802,0.0,0.0,0.0
dried,200803,0.0,0.0,0.0
dried,200804,0.0,0.0,0.0
dried,200805,0.0,0.0,0.0
dried,200806,0.0,0.0,0.0
dried,200807,0.0,0.0,0.0
dried,200808,0.0,0.0,0.0
dried,200809,0.0,0.0,0.0
dried,200810,0.0,0.0,0.0
dried,200811,0.0,0.0,0.0
dried,200812,0.0,0.0,0.0
dried,200901,0.0,0.0,0.0
dried,200902,0.0,0.0,0.0
dried,200903,0.0,0.0,0.0
dried,200904,0.0,0.0,0.0
dried,200905,0.0,0.0,0.0
dried,200906,0.0,0.0,0.0
dried,200907,0.0,0.0,0.0
dried,200908,0.0,0.0,0.0
dried,200909,0.0,0.0,0.0
dried,200910,0.0,0.0,0.0
dried,200911,0.0,0.0,0.0
dried,200912,0.0,0.0,0.0
dried,201001,0.0,0.0,0.0
dried,201002,0.0,0.0,0.0
dried,201003,0.0,0.0,0.0
dried,201004,0.0,0.0,0.0
dried,201005,0.0,0.0,0.0
dried,201006,0.0,0.0,0.0
dried,201007,0.0,0.0,0.0
dried,201008,0.0,0.0,0.0
dried,201009,0.0,0.0,0.0
dried,201010,0.0,0.0,0.0
dried,201011,0.0,0.0,0.0
dried,201012,0.0,0.0,0.0
dried,201101,0.0,0.0,0.0
dried,201102,0.0,0.0,0.0
dried,201103,0.0,0.0,0.0
dried,201104,0.0,0.0,0.0
dried,201105,0.0,0.0,0.0
dried,201106,0.0,0.0,0.0
dried,201107,0.0,0.0,0.0
dried,201108,0.0,0.0,0.0
dried,201109,0.0,0.0,0.0
dried,201110,0.0,0.0,0.0
dried,201111,0.0,0.0,0.0
dried,201112,0.0,0.0,0.0
dried,201201,2090.0,2090.0,0.0
dried,201202,332.0,2422.0,0.0
dried,201203,193.0,2615.0,0.0
dried,201204,457.0,3072.0,0.0
dried,201205,426.0,3498.0,0.0
dried,201206,6028.0,9526.0,0.0
dried,201207,646.0,10172.0,0.0
dried,201208,206.0,10378.0,0.0
dried,201209,138.0,10516.0,0.0
dried,201210,114.0,10630.0,0.0
dried,201211,220.0,10850.0,0.0
dried,201212,239.0,11089.0,0.0
dried,201301,232.0,232.0,2090.0
dried,201302,168.0,400.0,2422.0
dried,201303,159.0,559.0,2615.0
dried,201304,564.0,1123.0,3072.0
dried,201305,289.0,1412.0,3498.0
dried,201306,441.0,1853.0,9526.0
dried,201307,479.0,2332.0,10172.0
dried,201308,175.0,2507.0,10378.0
dried,201309,258.0,2765.0,10516.0
dried,201310,393.0,3158.0,10630.0
dried,201311,551.0,3709.0,10850.0
dried,201312,254.0,3963.0,11089.0
dried,201401,246.0,246.0,232.0
dried,201402,113.0,360.0,400.0
dried,201403,216.0,576.0,559.0
dried,201404,261.0,837.0,1123.0
dried,201405,250.0,1087.0,1412.0
dried,201406,329.0,1415.0,1853.0
dried,201407,222.0,1638.0,2332.0
dried,201408,244.0,1882.0,2507.0
dried,201409,139.0,2021.0,2765.0
dried,201410,192.0,2213.0,3158.0
dried,201411,190.0,2403.0,3709.0
dried,201412,278.0,2681.0,3963.0
dried,201501,232.0,232.0,246.0
dried,201502,296.0,528.0,360.0
dried,201503,263.0,790.0,576.0
dried,201504,183.0,974.0,837.0
dried,201505,249.0,1223.0,1087.0
dried,201506,379.0,1602.0,1415.0
dried,201507,376.0,1977.0,1638.0
dried,201508,169.0,2146.0,1882.0
dried,201509,232.0,2378.0,2021.0
dried,201510,222.0,2600.0,2213.0
dried,201511,257.0,2858.0,2403.0
dried,201512,200.0,3058.0,2681.0
dried,201601,240.0,240.0,232.0
dried,201602,201.0,441.0,528.0
dried,201603,238.0,679.0,790.0
dried,201604,249.0,928.0,974.0
dried,201605,241.0,1169.0,1223.0
dried,201606,375.0,1544.0,1602.0
dried,201607,125.0,1669.0,1977.0
dried,201608,136.0,1805.0,2146.0
dried,201609,212.0,2017.0,2378.0
dried,201610,264.0,2281.0,2600.0
dried,201611,141.0,2421.0,2858.0
dried,201612,269.0,2691.0,3058.0
dried,201701,233.0,233.0,240.0
dried,201702,188.0,421.0,441.0
dried,201703,236.0,657.0,679.0
dried,201704,193.0,850.0,928.0
dried,201705,230.0,1080.0,1169.0
dried,201706,230.0,1310.0,1544.0
dried,201707,107.0,1418.0,1669.0
dried,201708,121.0,1539.0,1805.0
dried,201709,173.0,1712.0,2017.0
dried,201710,138.0,1850.0,2281.0
dried,201711,250.0,2100.0,2421.0
dried,201712,212.0,2312.0,2691.0
dried,201801,345.0,345.0,233.0
dried,201802,183.0,528.0,421.0
dried,201803,200.0,728.0,657.0
dried,201804,249.0,977.0,850.0
dried,201805,254.0,1231.0,1080.0
dried,201806,204.0,1435.0,1310.0
dried,201807,250.0,1686.0,1418.0
dried,201808,185.0,1870.0,1539.0
dried,201809,247.0,2118.0,1712.0
dried,201810,313.0,2431.0,1850.0
dried,201811,199.0,2630.0,2100.0
dried,201812,277.0,2906.0,2312.0
dried,201901,318.0,318.0,345.0
dried,201902,249.0,567.0,528.0
dried,201903,359.0,926.0,728.0
dried,201904,285.0,1211.0,977.0
dried,201905,358.0,1570.0,1231.0
dried,201906,162.0,1732.0,1435.0
dried,201907,297.0,2029.0,1686.0
dried,201908,171.0,2199.0,1870.0
dried,201909,220.0,2419.0,2118.0
dried,201910,308.0,2728.0,2431.0
dried,201911,254.0,2981.0,2630.0
dried,201912,234.0,3215.0,2906.0
dried,202001,360.0,360.0,318.0
dried,202002,239.0,599.0,567.0
dried,202003,356.0,955.0,926.0
dried,202004,359.0,1314.0,1211.0
dried,202005,426.0,1740.0,1570.0
dried,202006,273.0,2013.0,1732.0
dried,202007,352.0,2366.0,2029.0
dried,202008,303.0,2669.0,2199.0
dried,202009,560.0,3229.0,2419.0
dried,202010,390.0,3619.0,2728.0
dried,202011,318.0,3937.0,2981.0
dried,202012,297.0,4234.0,3215.0
dried,202101,386.0,386.0,360.0
dried,202102,205.0,591.0,599.0
dried,202103,417.0,1008.0,955.0
dried,202104,332.0,1339.0,1314.0
dried,202105,381.0,1720.0,1740.0
dried,202106,283.0,2003.0,2013.0
dried,202107,217.0,2220.0,2366.0
dried,202108,269.0,2489.0,2669.0
dried,202109,271.0,2760.0,3229.0
dried,202110,322.0,3082.0,3619.0
dried,202111,382.0,3463.0,3937.0
dried,202112,346.0,3809.0,4234.0
dried,202201,400.0,400.0,386.0
dried,202202,379.0,779.0,591.0
dried,202203,507.0,1286.0,1008.0
dried,202204,419.0,1705.0,1339.0
dried,202205,317.0,2023.0,1720.0
dried,202206,288.0,2311.0,2003.0
dried,202207,326.0,2637.0,2220.0
dried,202208,244.0,2882.0,2489.0
dried,202209,178.0,3060.0,2760.0
dried,202210,273.0,3334.0,3082.0
dried,202211,232.0,3565.0,3463.0
dried,202212,375.0,3940.0,3809.0
dried,202301,345.0,345.0,400.0
dried,202302,316.0,661.0,779.0
dried,202303,410.0,1070.0,1286.0
dried,202304,249.0,1319.0,1705.0
dried,202305,323.0,1642.0,2023.0
dried,202306,370.0,2012.0,2311.0
dried,202307,295.0,2307.0,2637.0
dried,202308,782.0,3089.0,2882.0
dried,202309,1649.0,4738.0,3060.0
dried,202310,235.0,4972.0,3334.0
dried,202311,289.0,5261.0,3565.0
dried,202312,1198.0,6459.0,3940.0
dried,202401,330.0,330.0,345.0
dried,202402,329.0,659.0,661.0
dried,202403,420.0,1078.0,1070.0
dried,202404,294.0,1373.0,1319.0
dried,202405,177.0,1550.0,1642.0
dried,202406,330.0,1879.0,2012.0
dried,202407,331.0,2211.0,2307.0
dried,202408,915.0,3126.0,3089.0
dried,202409,947.0,4072.0,4738.0
dried,202410,365.0,4438.0,4972.0
dried,202411,303.0,4740.0,5261.0
dried,202412,445.0,5185.0,6459.0
dried,202501,323.0,323.0,330.0
dried,202502,320.0,643.0,659.0
dried,202503,369.0,1012.0,1078.0
dried,202504,470.0,1482.0,1373.0
dried,202505,433.0,1915.0,1550.0
dried,202506,289.0,2204.0,1879.0
dried,202507,217.0,2421.0,2211.0
dried,202508,242.0,2663.0,3126.0
dried,202509,338.0,3001.0,4072.0
dried,202510,326.0,3327.0,4438.0
dried,202511,307.0,3635.0,4740.0
dried,202512,388.0,4022.0,5185.0
dried,202601,235.0,235.0,323.0
dried,202602,281.0,516.0,643.0
dried,202603,398.0,914.0,1012.0
dried,202604,449.0,1362.0,1482.0
dried,202605,545.0,1907.0,1915.0
dried,202606,368.0,2275.0,2204.0
dried,202607,236.0,2511.0,2421.0
dried,202608,150.0,2660.0,2663.0
fresh,199406,0.0,0.0,0.0
fresh,199407,0.0,0.0,0.0
fresh,199408,0.0,0.0,0.0
fresh,199409,0.0,0.0,0.0
fresh,199410,0.0,0.0,0.0
fresh,199411,0.0,0.0,0.0
fresh,199412,0.0,0.0,0.0
fresh,199501,0.0,0.0,0.0
fresh,199502,0.0,0.0,0.0
fresh,199503,0.0,0.0,0.0
fresh,199504,0.0,0.0,0.0
fresh,199505,0.0,0.0,0.0
fresh,199506,0.0,0.0,0.0
fresh,199507,0.0,0.0,0.0
fresh,199508,0.0,0.0,0.0
fresh,199509,0.0,0.0,0.0
fresh,199510,0.0,0.0,0.0
fresh,199511,0.0,0.0,0.0
fresh,199512,0.0,0.0,0.0
fresh,199601,0.0,0.0,0.0
fresh,199602,0.0,0.0,0.0
fresh,199603,0.0,0.0,0.0
fresh,199604,0.0,0.0,0.0
fresh,199605,0.0,0.0,0.0
fresh,199606,0.0,0.0,0.0
fresh,199607,0.0,0.0,0.0
fresh,199608,0.0,0.0,0.0
fresh,199609,0.0,0.0,0.0
fresh,199610,0.0,0.0,0.0
fresh,199611,0.0,0.0,0.0
fresh,199612,0.0,0.0,0.0
fresh,199701,0.0,0.0,0.0
fresh,199702,0.0,0.0,0.0
fresh,199703,0.0,0.0,0.0
fresh,199704,0.0,0.0,0.0
fresh,199705,0.0,0.0,0.0
fresh,199706,0.0,0.0,0.0
fresh,199707,0.0,0.0,0.0
fresh,199708,0.0,0.0,0.0
fresh,199709,0.0,0.0,0.0
fresh,199710,0.0,0.0,0.0
fresh,199711,0.0,0.0,0.0
fresh,199712,0.0,0.0,0.0
fresh,199801,0.0,0.0,0.0
fresh,199802,0.0,0.0,0.0
fresh,199803,0.0,0.0,0.0
fresh,199804,0.0,0.0,0.0
fresh,199805,0.0,0.0,0.0
fresh,199806,0.0,0.0,0.0
fresh,199807,0.0,0.0,0.0
fresh,199808,0.0,0.0,0.0
fresh,199809,0.0,0.0,0.0
fresh,199810,0.0,0.0,0.0
fresh,199811,0.0,0.0,0.0
fresh,199812,0.0,0.0,0.0
fresh,199901,0.0,0.0,0.0
fresh,199902,0.0,0.0,0.0
fresh,199903,0.0,0.0,0.0
fresh,199904,0.0,0.0,0.0
fresh,199905,0.0,0.0,0.0
fresh,199906,0.0,0.0,0.0
fresh,199907,0.0,0.0,0.0
fresh,199908,0.0,0.0,0.0
fresh,199909,0.0,0.0,0.0
fresh,199910,0.0,0.0,0.0
fresh,199911,0.0,0.0,0.0
fresh,199912,0.0,0.0,0.0
fresh,200001,0.0,0.0,0.0
fresh,200002,0.0,0.0,0.0
fresh,200003,0.0,0.0,0.0
fresh,200004,0.0,0.0,0.0
fresh,200005,0.0,0.0,0.0
fresh,200006,0.0,0.0,0.0
fresh,200007,0.0,0.0,0.0
fresh,200008,0.0,0.0,0.0
fresh,200009,0.0,0.0,0.0
fresh,200010,0.0,0.0,0.0
fresh,200011,0.0,0.0,0.0
fresh,200012,0.0,0.0,0.0
fresh,200101,0.0,0.0,0.0
fresh,200102,0.0,0.0,0.0
fresh,200103,0.0,0.0,0.0
fresh,200104,0.0,0.0,0.0
fresh,200105,0.0,0.0,0.0
fresh,200106,0.0,0.0,0.0
fresh,200107,0.0,0.0,0.0
fresh,200108,0.0,0.0,0.0
fresh,200109,0.0,0.0,0.0
fresh,200110,0.0,0.0,0.0
fresh,200111,0.0,0.0,0.0
fresh,200112,0.0,0.0,0.0
fresh,200201,0.0,0.0,0.0
fresh,200202,0.0,0.0,0.0
fresh,200203,0.0,0.0,0.0
fresh,200204,0.0,0.0,0.0
fresh,200205,0.0,0.0,0.0
fresh,200206,0.0,0.0,0.0
fresh,200207,0.0,0.0,0.0
fresh,200208,0.0,0.0,0.0
fresh,200209,0.0,0.0,0.0
fresh,200210,0.0,0.0,0.0
fresh,200211,0.0,0.0,0.0
fresh,200212,0.0,0.0,0.0
fresh,200301,0.0,0.0,0.0
fresh,200302,0.0,0.0,0.0
fresh,200303,49.0,49.0,0.0
fresh,200304,0.0,49.0,0.0
fresh,200305,0.0,49.0,0.0
fresh,200306,0.0,49.0,0.0
fresh,200307,0.0,50.0,0.0
fresh,200308,0.0,50.0,0.0
fresh,200309,0.0,50.0,0.0
fresh,200310,0.0,50.0,0.0
fresh,200311,0.0,50.0,0.0
fresh,200312,0.0,50.0,0.0
fresh,200401,0.0,0.0,0.0
fresh,200402,0.0,0.0,0.0
fresh,200403,0.0,0.0,49.0
fresh,200404,0.0,0.0,49.0
fresh,200405,0.0,0.0,49.0
fresh,200406,0.0,0.0,49.0
fresh,200407,0.0,0.0,50.0
fresh,200408,0.0,0.0,50.0
fresh,200409,0.0,0.0,50.0
fresh,200410,0.0,0.0,50.0
fresh,200411,0.0,0.0,50.0
fresh,200412,0.0,0.0,50.0
fresh,200501,0.0,0.0,0.0
fresh,200502,0.0,0.0,0.0
fresh,200503,12.0,12.0,0.0
fresh,200504,13.0,25.0,0.0
fresh,200505,10.0,36.0,0.0
fresh,200506,0.0,36.0,0.0
fresh,200507,0.0,36.0,0.0
fresh,200508,0.0,36.0,0.0
fresh,200509,0.0,36.0,0.0
fresh,200510,0.0,36.0,0.0
fresh,200511,0.0,36.0,0.0
fresh,200512,0.0,36.0,0.0
fresh,200601,0.0,0.0,0.0
fresh,200602,0.0,0.0,0.0
fresh,200603,14.0,14.0,12.0
fresh,200604,0.0,14.0,25.0
fresh,200605,0.0,14.0,36.0
fresh,200606,0.0,14.0,36.0
fresh,200607,0.0,14.0,36.0
fresh,200608,0.0,14.0,36.0
fresh,200609,0.0,14.0,36.0
fresh,200610,0.0,14.0,36.0
fresh,200611,0.0,14.0,36.0
fresh,200612,0.0,14.0,36.0
fresh,200701,0.0,0.0,0.0
fresh,200702,0.0,0.0,0.0
fresh,200703,0.0,0.0,14.0
fresh,200704,0.0,0.0,14.0
fresh,200705,0.0,0.0,14.0
fresh,200706,0.0,0.0,14.0
fresh,200707,0.0,0.0,14.0
fresh,200708,0.0,0.0,14.0
fresh,200709,1.0,1.0,14.0
fresh,200710,1.0,2.0,14.0
fresh,200711,0.0,2.0,14.0
fresh,200712,0.0,2.0,14.0
fresh,200801,0.0,0.0,0.0
fresh,200802,0.0,0.0,0.0
fresh,200803,1.0,1.0,0.0
fresh,200804,9.0,10.0,0.0
fresh,200805,0.0,10.0,0.0
fresh,200806,0.0,10.0,0.0
fresh,200807,0.0,10.0,0.0
fresh,200808,0.0,10.0,0.0
fresh,200809,0.0,10.0,1.0
fresh,200810,0.0,10.0,2.0
fresh,200811,0.0,10.0,2.0
fresh,200812,0.0,10.0,2.0
fresh,200901,0.0,0.0,0.0
fresh,200902,0.0,0.0,0.0
fresh,200903,0.0,0.0,1.0
fresh,200904,0.0,0.0,10.0
fresh,200905,0.0,0.0,10.0
fresh,200906,0.0,0.0,10.0
fresh,200907,0.0,0.0,10.0
fresh,200908,0.0,0.0,10.0
fresh,200909,0.0,0.0,10.0
fresh,200910,0.0,0.0,10.0
fresh,200911,0.0,0.0,10.0
fresh,200912,0.0,0.0,10.0
fresh,201001,0.0,0.0,0.0
fresh,201002,0.0,0.0,0.0
fresh,201003,0.0,0.0,0.0
fresh,201004,0.0,0.0,0.0
fresh,201005,14.0,14.0,0.0
fresh,201006,0.0,14.0,0.0
fresh,201007,0.0,14.0,0.0
fresh,201008,0.0,14.0,0.0
fresh,201009,0.0,14.0,0.0
fresh,201010,0.0,14.0,0.0
fresh,201011,0.0,14.0,0.0
fresh,201012,0.0,14.0,0.0
fresh,201101,0.0,0.0,0.0
fresh,201102,0.0,0.0,0.0
fresh,201103,0.0,0.0,0.0
fresh,201104,0.0,0.0,0.0
fresh,201105,0.0,0.0,14.0
fresh,201106,0.0,0.0,14.0
fresh,201107,0.0,0.0,14.0
fresh,201108,0.0,0.0,14.0
fresh,201109,0.0,0.0,14.0
fresh,201110,13.0,13.0,14.0
fresh,201111,0.0,13.0,14.0
fresh,201112,0.0,13.0,14.0
fresh,201201,2.0,2.0,0.0
fresh,201202,0.0,2.0,0.0
fresh,201203,0.0,2.0,0.0
fresh,201204,0.0,2.0,0.0
fresh,201205,0.0,2.0,0.0
fresh,201206,0.0,2.0,0.0
fresh,201207,2.0,4.0,0.0
fresh,201208,0.0,4.0,0.0
fresh,201209,0.0,4.0,0.0
fresh,201210,0.0,4.0,13.0
fresh,201211,0.0,4.0,13.0
fresh,201212,0.0,4.0,13.0
fresh,201301,0.0,0.0,2.0
fresh,201302,0.0,0.0,2.0
fresh,201303,0.0,0.0,2.0
fresh,201304,0.0,0.0,2.0
fresh,201305,0.0,0.0,2.0
fresh,201306,0.0,0.0,2.0
fresh,201307,0.0,0.0,4.0
fresh,201308,0.0,0.0,4.0
fresh,201309,0.0,0.0,4.0
fresh,201310,0.0,0.0,4.0
fresh,201311,0.0,0.0,4.0
fresh,201312,0.0,0.0,4.0
fresh,201401,0.0,0.0,0.0
fresh,201402,0.0,0.0,0.0
fresh,201403,0.0,0.0,0.0
fresh,201404,0.0,0.0,0.0
fresh,201405,0.0,0.0,0.0
fresh,201406,0.0,0.0,0.0
fresh,201407,0.0,0.0,0.0
fresh,201408,0.0,0.0,0.0
fresh,201409,0.0,0.0,0.0
fresh,201410,0.0,0.0,0.0
fresh,201411,0.0,0.0,0.0
fresh,201412,0.0,0.0,0.0
fresh,201501,0.0,0.0,0.0
fresh,201502,0.0,0.0,0.0
fresh,201503,0.0,0.0,0.0
fresh,201504,0.0,0.0,0.0
fresh,201505,0.0,0.0,0.0
fresh,201506,0.0,0.0,0.0
fresh,201507,0.0,0.0,0.0
fresh,201508,0.0,0.0,0.0
fresh,201509,0.0,0.0,0.0
fresh,201510,0.0,0.0,0.0
fresh,201511,0.0,0.0,0.0
fresh,201512,0.0,0.0,0.0
fresh,201601,0.0,0.0,0.0
fresh,201602,0.0,0.0,0.0
fresh,201603,0.0,0.0,0.0
fresh,201604,0.0,0.0,0.0
fresh,201605,0.0,0.0,0.0
fresh,201606,0.0,0.0,0.0
fresh,201607,0.0,0.0,0.0
fresh,201608,0.0,0.0,0.0
fresh,201609,0.0,0.0,0.0
fresh,201610,0.0,0.0,0.0
fresh,201611,0.0,0.0,0.0
fresh,201612,0.0,0.0,0.0
fresh,201701,0.0,0.0,0.0
fresh,201702,0.0,0.0,0.0
fresh,201703,0.0,0.0,0.0
fresh,201704,0.0,0.0,0.0
fresh,201705,0.0,0.0,0.0
fresh,201706,0.0,0.0,0.0
fresh,201707,0.0,0.0,0.0
fresh,201708,0.0,0.0,0.0
fresh,201709,0.0,0.0,0.0
fresh,201710,0.0,0.0,0.0
fresh,201711,0.0,0.0,0.0
fresh,201712,0.0,0.0,0.0
fresh,201801,0.0,0.0,0.0
fresh,201802,0.0,0.0,0.0
fresh,201803,0.0,0.0,0.0
fresh,201804,0.0,0.0,0.0
fresh,201805,0.0,0.0,0.0
fresh,201806,0.0,0.0,0.0
fresh,201807,0.0,0.0,0.0
fresh,201808,0.0,0.0,0.0
fresh,201809,0.0,0.0,0.0
fresh,201810,0.0,0.0,0.0
fresh,201811,0.0,0.0,0.0
fresh,201812,0.0,0.0,0.0
fresh,201901,0.0,0.0,0.0
fresh,201902,0.0,0.0,0.0
fresh,201903,0.0,0.0,0.0
fresh,201904,0.0,0.0,0.0
fresh,201905,0.0,0.0,0.0
fresh,201906,0.0,0.0,0.0
fresh,201907,0.0,0.0,0.0
fresh,201908,0.0,0.0,0.0
fresh,201909,0.0,0.0,0.0
fresh,201910,0.0,0.0,0.0
fresh,201911,0.0,0.0,0.0
fresh,201912,0.0,0.0,0.0
fresh,202001,0.0,0.0,0.0
fresh,202002,0.0,0.0,0.0
fresh,202003,0.0,0.0,0.0
fresh,202004,0.0,0.0,0.0
fresh,202005,0.0,0.0,0.0
fresh,202006,0.0,0.0,0.0
fresh,202007,0.0,0.0,0.0
fresh,202008,0.0,0.0,0.0
fresh,202009,0.0,0.0,0.0
fresh,202010,0.0,0.0,0.0
fresh,202011,0.0,0.0,0.0
fresh,202012,0.0,0.0,0.0
fresh,202101,0.0,0.0,0.0
fresh,202102,0.0,0.0,0.0
fresh,202103,0.0,0.0,0.0
fresh,202104,0.0,0.0,0.0
fresh,202105,0.0,0.0,0.0
fresh,202106,0.0,0.0,0.0
fresh,202107,2.0,2.0,0.0
fresh,202108,0.0,2.0,0.0
fresh,202109,0.0,2.0,0.0
fresh,202110,0.0,2.0,0.0
fresh,202111,0.0,2.0,0.0
fresh,202112,0.0,2.0,0.0
fresh,202201,0.0,0.0,0.0
fresh,202202,0.0,0.0,0.0
fresh,202203,0.0,0.0,0.0
fresh,202204,0.0,0.0,0.0
fresh,202205,0.0,0.0,0.0
fresh,202206,0.0,0.0,0.0
fresh,202207,0.0,0.0,2.0
fresh,202208,0.0,0.0,2.0
fresh,202209,0.0,0.0,2.0
fresh,202210,0.0,0.0,2.0
fresh,202211,0.0,0.0,2.0
fresh,202212,0.0,0.0,2.0
fresh,202301,0.0,0.0,0.0
fresh,202302,0.0,0.0,0.0
fresh,202303,0.0,0.0,0.0
fresh,202304,0.0,0.0,0.0
fresh,202305,0.0,0.0,0.0
fresh,202306,0.0,0.0,0.0
fresh,202307,0.0,0.0,0.0
fresh,202308,0.0,0.0,0.0
fresh,202309,6.0,6.0,0.0
fresh,202310,0.0,6.0,0.0
fresh,202311,0.0,6.0,0.0
fresh,202312,6.0,11.0,0.0
fresh,202401,0.0,0.0,0.0
fresh,202402,0.0,0.0,0.0
fresh,202403,0.0,0.0,0.0
fresh,202404,6.0,6.0,0.0
fresh,202405,0.0,6.0,0.0
fresh,202406,0.0,6.0,0.0
fresh,202407,0.0,6.0,0.0
fresh,202408,0.0,6.0,0.0
fresh,202409,0.0,6.0,6.0
fresh,202410,0.0,6.0,6.0
fresh,202411,0.0,6.0,6.0
fresh,202412,0.0,6.0,11.0
fresh,202501,0.0,0.0,0.0
fresh,202502,6.0,6.0,0.0
fresh,202503,0.0,6.0,0.0
fresh,202504,0.0,6.0,6.0
fresh,202505,0.0,6.0,6.0
fresh,202506,0.0,6.0,6.0
fresh,202507,6.0,13.0,6.0
fresh,202508,0.0,13.0,6.0
fresh,202509,6.0,19.0,6.0
fresh,202510,0.0,19.0,6.0
fresh,202511,6.0,26.0,6.0
fresh,202512,0.0,26.0,6.0
fresh,202601,0.0,0.0,0.0
fresh,202602,0.0,0.0,6.0
fresh,202603,6.0,6.0,6.0
fresh,202604,0.0,6.0,6.0
fresh,202605,0.0,6.0,6.0
fresh,202606,0.0,6.0,6.0
fresh,202607,6.0,13.0,13.0
fresh,202608,0.0,13.0,13.0
powder,199406,0.0,0.0,0.0
powder,199407,0.0,0.0,0.0
powder,199408,0.0,0.0,0.0
powder,199409,0.0,0.0,0.0
powder,199410,0.0,0.0,0.0
powder,199411,0.0,0.0,0.0
powder,199412,0.0,0.0,0.0
powder,199501,0.0,0.0,0.0
powder,199502,0.0,0.0,0.0
powder,199503,0.0,0.0,0.0
powder,199504,0.0,0.0,0.0
powder,199505,0.0,0.0,0.0
powder,199506,0.0,0.0,0.0
powder,199507,0.0,0.0,0.0
powder,199508,0.0,0.0,0.0
powder,199509,0.0,0.0,0.0
powder,199510,0.0,0.0,0.0
powder,199511,0.0,0.0,0.0
powder,199512,0.0,0.0,0.0
powder,199601,0.0,0.0,0.0
powder,199602,0.0,0.0,0.0
powder,199603,0.0,0.0,0.0
powder,199604,0.0,0.0,0.0
powder,199605,0.0,0.0,0.0
powder,199606,0.0,0.0,0.0
powder,199607,0.0,0.0,0.0
powder,199608,0.0,0.0,0.0
powder,199609,0.0,0.0,0.0
powder,199610,0.0,0.0,0.0
powder,199611,0.0,0.0,0.0
powder,199612,0.0,0.0,0.0
powder,199701,0.0,0.0,0.0
powder,199702,0.0,0.0,0.0
powder,199703,0.0,0.0,0.0
powder,199704,0.0,0.0,0.0
powder,199705,0.0,0.0,0.0
powder,199706,0.0,0.0,0.0
powder,199707,0.0,0.0,0.0
powder,199708,0.0,0.0,0.0
powder,199709,0.0,0.0,0.0
powder,199710,0.0,0.0,0.0
powder,199711,0.0,0.0,0.0
powder,199712,0.0,0.0,0.0
powder,199801,0.0,0.0,0.0
powder,199802,0.0,0.0,0.0
powder,199803,0.0,0.0,0.0
powder,199804,0.0,0.0,0.0
powder,199805,0.0,0.0,0.0
powder,199806,0.0,0.0,0.0
powder,199807,0.0,0.0,0.0
powder,199808,0.0,0.0,0.0
powder,199809,0.0,0.0,0.0
powder,199810,0.0,0.0,0.0
powder,199811,0.0,0.0,0.0
powder,199812,0.0,0.0,0.0
powder,199901,0.0,0.0,0.0
powder,199902,0.0,0.0,0.0
powder,199903,0.0,0.0,0.0
powder,199904,0.0,0.0,0.0
powder,199905,0.0,0.0,0.0
powder,199906,0.0,0.0,0.0
powder,199907,0.0,0.0,0.0
powder,199908,0.0,0.0,0.0
powder,199909,0.0,0.0,0.0
powder,199910,0.0,0.0,0.0
powder,199911,0.0,0.0,0.0
powder,199912,0.0,0.0,0.0
powder,200001,0.0,0.0,0.0
powder,200002,0.0,0.0,0.0
powder,200003,0.0,0.0,0.0
powder,200004,0.0,0.0,0.0
powder,200005,0.0,0.0,0.0
powder,200006,0.0,0.0,0.0
powder,200007,0.0,0.0,0.0
powder,200008,0.0,0.0,0.0
powder,200009,0.0,0.0,0.0
powder,200010,0.0,0.0,0.0
powder,200011,0.0,0.0,0.0
powder,200012,0.0,0.0,0.0
powder,200101,0.0,0.0,0.0
powder,200102,0.0,0.0,0.0
powder,200103,0.0,0.0,0.0
powder,200104,0.0,0.0,0.0
powder,200105,0.0,0.0,0.0
powder,200106,0.0,0.0,0.0
powder,200107,0.0,0.0,0.0
powder,200108,0.0,0.0,0.0
powder,200109,0.0,0.0,0.0
powder,200110,0.0,0.0,0.0
powder,200111,0.0,0.0,0.0
powder,200112,0.0,0.0,0.0
powder,200201,0.0,0.0,0.0
powder,200202,0.0,0.0,0.0
powder,200203,0.0,0.0,0.0
powder,200204,0.0,0.0,0.0
powder,200205,0.0,0.0,0.0
powder,200206,0.0,0.0,0.0
powder,200207,0.0,0.0,0.0
powder,200208,0.0,0.0,0.0
powder,200209,0.0,0.0,0.0
powder,200210,0.0,0.0,0.0
powder,200211,0.0,0.0,0.0
powder,200212,0.0,0.0,0.0
powder,200301,0.0,0.0,0.0
powder,200302,0.0,0.0,0.0
powder,200303,0.0,0.0,0.0
powder,200304,0.0,0.0,0.0
powder,200305,0.0,0.0,0.0
powder,200306,0.0,0.0,0.0
powder,200307,0.0,0.0,0.0
powder,200308,0.0,0.0,0.0
powder,200309,0.0,0.0,0.0
powder,200310,0.0,0.0,0.0
powder,200311,0.0,0.0,0.0
powder,200312,0.0,0.0,0.0
powder,200401,0.0,0.0,0.0
powder,200402,0.0,0.0,0.0
powder,200403,0.0,0.0,0.0
powder,200404,0.0,0.0,0.0
powder,200405,0.0,0.0,0.0
powder,200406,0.0,0.0,0.0
powder,200407,0.0,0.0,0.0
powder,200408,0.0,0.0,0.0
powder,200409,0.0,0.0,0.0
powder,200410,0.0,0.0,0.0
powder,200411,0.0,0.0,0.0
powder,200412,0.0,0.0,0.0
powder,200501,0.0,0.0,0.0
powder,200502,0.0,0.0,0.0
powder,200503,0.0,0.0,0.0
powder,200504,0.0,0.0,0.0
powder,200505,0.0,0.0,0.0
powder,200506,0.0,0.0,0.0
powder,200507,0.0,0.0,0.0
powder,200508,0.0,0.0,0.0
powder,200509,0.0,0.0,0.0
powder,200510,0.0,0.0,0.0
powder,200511,0.0,0.0,0.0
powder,200512,0.0,0.0,0.0
powder,200601,0.0,0.0,0.0
powder,200602,0.0,0.0,0.0
powder,200603,0.0,0.0,0.0
powder,200604,0.0,0.0,0.0
powder,200605,0.0,0.0,0.0
powder,200606,0.0,0.0,0.0
powder,200607,0.0,0.0,0.0
powder,200608,0.0,0.0,0.0
powder,200609,0.0,0.0,0.0
powder,200610,0.0,0.0,0.0
powder,200611,0.0,0.0,0.0
powder,200612,0.0,0.0,0.0
powder,200701,0.0,0.0,0.0
powder,200702,0.0,0.0,0.0
powder,200703,0.0,0.0,0.0
powder,200704,0.0,0.0,0.0
powder,200705,0.0,0.0,0.0
powder,200706,0.0,0.0,0.0
powder,200707,0.0,0.0,0.0
powder,200708,0.0,0.0,0.0
powder,200709,0.0,0.0,0.0
powder,200710,0.0,0.0,0.0
powder,200711,0.0,0.0,0.0
powder,200712,0.0,0.0,0.0
powder,200801,0.0,0.0,0.0
powder,200802,0.0,0.0,0.0
powder,200803,0.0,0.0,0.0
powder,200804,0.0,0.0,0.0
powder,200805,0.0,0.0,0.0
powder,200806,0.0,0.0,0.0
powder,200807,0.0,0.0,0.0
powder,200808,0.0,0.0,0.0
powder,200809,0.0,0.0,0.0
powder,200810,0.0,0.0,0.0
powder,200811,0.0,0.0,0.0
powder,200812,0.0,0.0,0.0
powder,200901,0.0,0.0,0.0
powder,200902,0.0,0.0,0.0
powder,200903,0.0,0.0,0.0
powder,200904,0.0,0.0,0.0
powder,200905,0.0,0.0,0.0
powder,200906,0.0,0.0,0.0
powder,200907,0.0,0.0,0.0
powder,200908,0.0,0.0,0.0
powder,200909,0.0,0.0,0.0
powder,200910,0.0,0.0,0.0
powder,200911,0.0,0.0,0.0
powder,200912,0.0,0.0,0.0
powder,201001,0.0,0.0,0.0
powder,201002,0.0,0.0,0.0
powder,201003,0.0,0.0,0.0
powder,201004,0.0,0.0,0.0
powder,201005,0.0,0.0,0.0
powder,201006,0.0,0.0,0.0
powder,201007,0.0,0.0,0.0
powder,201008,0.0,0.0,0.0
powder,201009,0.0,0.0,0.0
powder,201010,0.0,0.0,0.0
powder,201011,0.0,0.0,0.0
powder,201012,0.0,0.0,0.0
powder,201101,0.0,0.0,0.0
powder,201102,0.0,0.0,0.0
powder,201103,0.0,0.0,0.0
powder,201104,0.0,0.0,0.0
powder,201105,0.0,0.0,0.0
powder,201106,0.0,0.0,0.0
powder,201107,0.0,0.0,0.0
powder,201108,0.0,0.0,0.0
powder,201109,0.0,0.0,0.0
powder,201110,0.0,0.0,0.0
powder,201111,0.0,0.0,0.0
powder,201112,0.0,0.0,0.0
powder,201201,64.0,64.0,0.0
powder,201202,81.0,145.0,0.0
powder,201203,101.0,246.0,0.0
powder,201204,75.0,321.0,0.0
powder,201205,67.0,388.0,0.0
powder,201206,76.0,464.0,0.0
powder,201207,69.0,532.0,0.0
powder,201208,51.0,583.0,0.0
powder,201209,94.0,677.0,0.0
powder,201210,61.0,738.0,0.0
powder,201211,123.0,861.0,0.0
powder,201212,170.0,1031.0,0.0
powder,201301,116.0,116.0,64.0
powder,201302,115.0,231.0,145.0
powder,201303,143.0,374.0,246.0
powder,201304,64.0,437.0,321.0
powder,201305,122.0,559.0,388.0
powder,201306,99.0,659.0,464.0
powder,201307,110.0,769.0,532.0
powder,201308,174.0,943.0,583.0
powder,201309,83.0,1026.0,677.0
powder,201310,220.0,1246.0,738.0
powder,201311,70.0,1316.0,861.0
powder,201312,195.0,1511.0,1031.0
powder,201401,223.0,223.0,116.0
powder,201402,227.0,451.0,231.0
powder,201403,264.0,715.0,374.0
powder,201404,140.0,855.0,437.0
powder,201405,234.0,1090.0,559.0
powder,201406,39.0,1128.0,659.0
powder,201407,218.0,1347.0,769.0
powder,201408,322.0,1668.0,943.0
powder,201409,156.0,1825.0,1026.0
powder,201410,276.0,2100.0,1246.0
powder,201411,191.0,2292.0,1316.0
powder,201412,269.0,2561.0,1511.0
powder,201501,298.0,298.0,223.0
powder,201502,289.0,588.0,451.0
powder,201503,245.0,833.0,715.0
powder,201504,299.0,1133.0,855.0
powder,201505,251.0,1383.0,1090.0
powder,201506,349.0,1732.0,1128.0
powder,201507,236.0,1968.0,1347.0
powder,201508,289.0,2257.0,1668.0
powder,201509,207.0,2465.0,1825.0
powder,201510,216.0,2681.0,2100.0
powder,201511,139.0,2820.0,2292.0
powder,201512,282.0,3102.0,2561.0
powder,201601,151.0,151.0,298.0
powder,201602,67.0,218.0,588.0
powder,201603,130.0,348.0,833.0
powder,201604,104.0,452.0,1133.0
powder,201605,189.0,641.0,1383.0
powder,201606,233.0,874.0,1732.0
powder,201607,125.0,999.0,1968.0
powder,201608,114.0,1113.0,2257.0
powder,201609,17.0,1130.0,2465.0
powder,201610,115.0,1245.0,2681.0
powder,201611,93.0,1338.0,2820.0
powder,201612,65.0,1403.0,3102.0
powder,201701,104.0,104.0,151.0
powder,201702,94.0,198.0,218.0
powder,201703,103.0,302.0,348.0
powder,201704,72.0,373.0,452.0
powder,201705,99.0,472.0,641.0
powder,201706,90.0,562.0,874.0
powder,201707,86.0,648.0,999.0
powder,201708,58.0,706.0,1113.0
powder,201709,90.0,797.0,1130.0
powder,201710,79.0,876.0,1245.0
powder,201711,72.0,948.0,1338.0
powder,201712,101.0,1049.0,1403.0
powder,201801,48.0,48.0,104.0
powder,201802,76.0,124.0,198.0
powder,201803,116.0,240.0,302.0
powder,201804,84.0,325.0,373.0
powder,201805,93.0,417.0,472.0
powder,201806,73.0,490.0,562.0
powder,201807,101.0,591.0,648.0
powder,201808,81.0,672.0,706.0
powder,201809,85.0,757.0,797.0
powder,201810,93.0,850.0,876.0
powder,201811,101.0,952.0,948.0
powder,201812,120.0,1072.0,1049.0
powder,201901,87.0,87.0,48.0
powder,201902,107.0,195.0,124.0
powder,201903,118.0,312.0,240.0
powder,201904,107.0,420.0,325.0
powder,201905,106.0,526.0,417.0
powder,201906,62.0,587.0,490.0
powder,201907,110.0,697.0,591.0
powder,201908,89.0,787.0,672.0
powder,201909,93.0,880.0,757.0
powder,201910,102.0,982.0,850.0
powder,201911,57.0,1039.0,952.0
powder,201912,90.0,1128.0,1072.0
powder,202001,97.0,97.0,87.0
powder,202002,59.0,156.0,195.0
powder,202003,131.0,287.0,312.0
powder,202004,138.0,425.0,420.0
powder,202005,149.0,574.0,526.0
powder,202006,210.0,784.0,587.0
powder,202007,174.0,958.0,697.0
powder,202008,139.0,1097.0,787.0
powder,202009,217.0,1314.0,880.0
powder,202010,145.0,1459.0,982.0
powder,202011,196.0,1655.0,1039.0
powder,202012,191.0,1846.0,1128.0
powder,202101,169.0,169.0,97.0
powder,202102,129.0,299.0,156.0
powder,202103,156.0,455.0,287.0
powder,202104,211.0,665.0,425.0
powder,202105,154.0,820.0,574.0
powder,202106,189.0,1008.0,784.0
powder,202107,163.0,1171.0,958.0
powder,202108,218.0,1389.0,1097.0
powder,202109,204.0,1593.0,1314.0
powder,202110,208.0,1802.0,1459.0
powder,202111,264.0,2066.0,1655.0
powder,202112,237.0,2303.0,1846.0
powder,202201,354.0,354.0,169.0
powder,202202,230.0,584.0,299.0
powder,202203,112.0,696.0,455.0
powder,202204,229.0,925.0,665.0
powder,202205,235.0,1160.0,820.0
powder,202206,309.0,1469.0,1008.0
powder,202207,232.0,1701.0,1171.0
powder,202208,244.0,1945.0,1389.0
powder,202209,110.0,2055.0,1593.0
powder,202210,148.0,2202.0,1802.0
powder,202211,354.0,2556.0,2066.0
powder,202212,246.0,2802.0,2303.0
powder,202301,183.0,183.0,354.0
powder,202302,217.0,400.0,584.0
powder,202303,202.0,601.0,696.0
powder,202304,198.0,799.0,925.0
powder,202305,185.0,985.0,1160.0
powder,202306,187.0,1171.0,1469.0
powder,202307,189.0,1360.0,1701.0
powder,202308,207.0,1567.0,1945.0
powder,202309,257.0,1825.0,2055.0
powder,202310,161.0,1986.0,2202.0
powder,202311,211.0,2197.0,2556.0
powder,202312,132.0,2329.0,2802.0
powder,202401,130.0,130.0,183.0
powder,202402,116.0,246.0,400.0
powder,202403,95.0,341.0,601.0
powder,202404,142.0,483.0,799.0
powder,202405,150.0,633.0,985.0
powder,202406,140.0,773.0,1171.0
powder,202407,116.0,888.0,1360.0
powder,202408,105.0,994.0,1567.0
powder,202409,179.0,1172.0,1825.0
powder,202410,149.0,1321.0,1986.0
powder,202411,203.0,1524.0,2197.0
powder,202412,137.0,1661.0,2329.0
powder,202501,112.0,112.0,130.0
powder,202502,358.0,470.0,246.0
powder,202503,193.0,663.0,341.0
powder,202504,235.0,898.0,483.0
powder,202505,220.0,1118.0,633.0
powder,202506,127.0,1245.0,773.0
powder,202507,191.0,1436.0,888.0
powder,202508,273.0,1709.0,994.0
powder,202509,260.0,1969.0,1172.0
powder,202510,190.0,2159.0,1321.0
powder,202511,202.0,2361.0,1524.0
powder,202512,273.0,2634.0,1661.0
powder,202601,161.0,161.0,112.0
powder,202602,175.0,335.0,470.0
powder,202603,125.0,460.0,663.0
powder,202604,147.0,607.0,898.0
powder,202605,246.0,853.0,1118.0
powder,202606,208.0,1061.0,1245.0
powder,202607,329.0,1390.0,1436.0
powder,202608,128.0,1518.0,1709.0
total,199406,0.0,0.0,0.0
total,199407,0.0,0.0,0.0
total,199408,0.0,0.0,0.0
total,199409,0.0,0.0,0.0
total,199410,0.0,0.0,0.0
total,199411,0.0,0.0,0.0
total,199412,0.0,0.0,0.0
total,199501,0.0,0.0,0.0
total,199502,0.0,0.0,0.0
total,199503,0.0,0.0,0.0
total,199504,0.0,0.0,0.0
total,199505,0.0,0.0,0.0
total,199506,0.0,0.0,0.0
total,199507,0.0,0.0,0.0
total,199508,0.0,0.0,0.0
total,199509,0.0,0.0,0.0
total,199510,0.0,0.0,0.0
total,199511,0.0,0.0,0.0
total,199512,0.0,0.0,0.0
total,199601,0.0,0.0,0.0
total,199602,0.0,0.0,0.0
total,199603,0.0,0.0,0.0
total,199604,0.0,0.0,0.0
total,199605,0.0,0.0,0.0
total,199606,0.0,0.0,0.0
total,199607,0.0,0.0,0.0
total,199608,0.0,0.0,0.0
total,199609,0.0,0.0,0.0
total,199610,0.0,0.0,0.0
total,199611,0.0,0.0,0.0
total,199612,0.0,0.0,0.0
total,199701,0.0,0.0,0.0
total,199702,0.0,0.0,0.0
total,199703,0.0,0.0,0.0
total,199704,0.0,0.0,0.0
total,199705,0.0,0.0,0.0
total,199706,0.0,0.0,0.0
total,199707,0.0,0.0,0.0
total,199708,0.0,0.0,0.0
total,199709,0.0,0.0,0.0
total,199710,0.0,0.0,0.0
total,199711,0.0,0.0,0.0
total,199712,0.0,0.0,0.0
total,199801,0.0,0.0,0.0
total,199802,0.0,0.0,0.0
total,199803,0.0,0.0,0.0
total,199804,0.0,0.0,0.0
total,199805,0.0,0.0,0.0
total,199806,0.0,0.0,0.0
total,199807,0.0,0.0,0.0
total,199808,0.0,0.0,0.0
total,199809,0.0,0.0,0.0
total,199810,0.0,0.0,0.0
total,199811,0.0,0.0,0.0
total,199812,0.0,0.0,0.0
total,199901,0.0,0.0,0.0
total,199902,0.0,0.0,0.0
total,199903,0.0,0.0,0.0
total,199904,0.0,0.0,0.0
total,199905,0.0,0.0,0.0
total,199906,0.0,0.0,0.0
total,199907,0.0,0.0,0.0
total,199908,0.0,0.0,0.0
total,199909,0.0,0.0,0.0
total,199910,0.0,0.0,0.0
total,199911,0.0,0.0,0.0
total,199912,0.0,0.0,0.0
total,200001,0.0,0.0,0.0
total,200002,0.0,0.0,0.0
total,200003,0.0,0.0,0.0
total,200004,0.0,0.0,0.0
total,200005,0.0,0.0,0.0
total,200006,0.0,0.0,0.0
total,200007,0.0,0.0,0.0
total,200008,0.0,0.0,0.0
total,200009,0.0,0.0,0.0
total,200010,0.0,0.0,0.0
total,200011,0.0,0.0,0.0
total,200012,0.0,0.0,0.0
total,200101,0.0,0.0,0.0
total,200102,0.0,0.0,0.0
total,200103,0.0,0.0,0.0
total,200104,0.0,0.0,0.0
total,200105,0.0,0.0,0.0
total,200106,0.0,0.0,0.0
total,200107,0.0,0.0,0.0
total,200108,0.0,0.0,0.0
total,200109,0.0,0.0,0.0
total,200110,0.0,0.0,0.0
total,200111,0.0,0.0,0.0
total,200112,0.0,0.0,0.0
total,200201,0.0,0.0,0.0
total,200202,0.0,0.0,0.0
total,200203,0.0,0.0,0.0
total,200204,0.0,0.0,0.0
total,200205,0.0,0.0,0.0
total,200206,0.0,0.0,0.0
total,200207,0.0,0.0,0.0
total,200208,0.0,0.0,0.0
total,200209,0.0,0.0,0.0
total,200210,0.0,0.0,0.0
total,200211,0.0,0.0,0.0
total,200212,0.0,0.0,0.0
total,200301,500.0,500.0,0.0
total,200302,987.0,1487.0,0.0
total,200303,420.0,1907.0,0.0
total,200304,231.0,2138.0,0.0
total,200305,407.0,2546.0,0.0
total,200306,139.0,2685.0,0.0
total,200307,91.0,2775.0,0.0
total,200308,160.0,2935.0,0.0
total,200309,3081.0,6016.0,0.0
total,200310,16598.0,22615.0,0.0
total,200311,16668.0,39283.0,0.0
total,200312,9915.0,49198.0,0.0
total,200401,5968.0,5968.0,500.0
total,200402,2498.0,8466.0,1487.0
total,200403,2203.0,10669.0,1907.0
total,200404,1165.0,11834.0,2138.0
total,200405,565.0,12399.0,2546.0
total,200406,1242.0,13641.0,2685.0
total,200407,1710.0,15350.0,2775.0
total,200408,3246.0,18597.0,2935.0
total,200409,10175.0,28772.0,6016.0
total,200410,21647.0,50418.0,22615.0
total,200411,14485.0,64903.0,39283.0
total,200412,13311.0,78214.0,49198.0
total,200501,8102.0,8102.0,5968.0
total,200502,5634.0,13736.0,8466.0
total,200503,5772.0,19507.0,10669.0
total,200504,5464.0,24971.0,11834.0
total,200505,3018.0,27989.0,12399.0
total,200506,2435.0,30423.0,13641.0
total,200507,1589.0,32013.0,15350.0
total,200508,1356.0,33369.0,18597.0
total,200509,6568.0,39936.0,28772.0
total,200510,621.0,40557.0,50418.0
total,200511,25261.0,65818.0,64903.0
total,200512,6931.0,72749.0,78214.0
total,200601,7437.0,7437.0,8102.0
total,200602,9115.0,16553.0,13736.0
total,200603,5742.0,22294.0,19507.0
total,200604,4394.0,26688.0,24971.0
total,200605,3146.0,29834.0,27989.0
total,200606,5259.0,35093.0,30423.0
total,200607,4844.0,39937.0,32013.0
total,200608,8998.0,48935.0,33369.0
total,200609,5531.0,54466.0,39936.0
total,200610,8637.0,63103.0,40557.0
total,200611,21817.0,84920.0,65818.0
total,200612,10750.0,95670.0,72749.0
total,200701,15530.0,15530.0,7437.0
total,200702,15518.0,31048.0,16553.0
total,200703,6853.0,37900.0,22294.0
total,200704,8250.0,46151.0,26688.0
total,200705,11440.0,57591.0,29834.0
total,200706,7112.0,64703.0,35093.0
total,200707,6938.0,71641.0,39937.0
total,200708,2889.0,74530.0,48935.0
total,200709,4993.0,79523.0,54466.0
total,200710,17847.0,97370.0,63103.0
total,200711,16829.0,114199.0,84920.0
total,200712,12062.0,128414.0,95670.0
total,200801,10010.0,10010.0,15530.0
total,200802,7989.0,17999.0,31048.0
total,200803,8399.0,26398.0,37900.0
total,200804,9436.0,35833.0,46151.0
total,200805,6935.0,42768.0,57591.0
total,200806,6801.0,49570.0,64703.0
total,200807,7469.0,57039.0,71641.0
total,200808,5693.0,62732.0,74530.0
total,200809,7676.0,70408.0,79523.0
total,200810,20396.0,90804.0,97370.0
total,200811,16817.0,107621.0,114199.0
total,200812,16187.0,123808.0,128414.0
total,200901,14323.0,14323.0,10010.0
total,200902,8282.0,22605.0,17999.0
total,200903,11358.0,33963.0,26398.0
total,200904,14304.0,48267.0,35833.0
total,200905,10945.0,59212.0,42768.0
total,200906,11288.0,70500.0,49570.0
total,200907,14267.0,84766.0,57039.0
total,200908,7832.0,92598.0,62732.0
total,200909,9803.0,102402.0,70408.0
total,200910,13746.0,116147.0,90804.0
total,200911,14708.0,130855.0,107621.0
total,200912,13540.0,144395.0,123808.0
total,201001,11184.0,11184.0,14323.0
total,201002,13487.0,24670.0,22605.0
total,201003,11137.0,35808.0,33963.0
total,201004,11158.0,46966.0,48267.0
total,201005,8125.0,55090.0,59212.0
total,201006,7199.0,62290.0,70500.0
total,201007,7689.0,69979.0,84766.0
total,201008,13365.0,83344.0,92598.0
total,201009,4530.0,87874.0,102402.0
total,201010,15573.0,103447.0,116147.0
total,201011,27414.0,130861.0,130855.0
total,201012,16035.0,146896.0,144395.0
total,201101,17567.0,17567.0,11184.0
total,201102,11572.0,29139.0,24670.0
total,201103,16302.0,45441.0,35808.0
total,201104,11471.0,56912.0,46966.0
total,201105,11387.0,68299.0,55090.0
total,201106,11706.0,80005.0,62290.0
total,201107,13790.0,93795.0,69979.0
total,201108,11629.0,105425.0,83344.0
total,201109,19198.0,124622.0,87874.0
total,201110,30667.0,155290.0,103447.0
total,201111,28189.0,183479.0,130861.0
total,201112,18113.0,201592.0,146896.0
total,201201,12820.0,12820.0,17567.0
total,201202,14299.0,27118.0,29139.0
total,201203,19909.0,47027.0,45441.0
total,201204,15515.0,62542.0,56912.0
total,201205,13123.0,75664.0,68299.0
total,201206,17689.0,93354.0,80005.0
total,201207,16187.0,109541.0,93795.0
total,201208,13276.0,122817.0,105425.0
total,201209,12061.0,134878.0,124622.0
total,201210,19413.0,154291.0,155290.0
total,201211,25284.0,179575.0,183479.0
total,201212,20005.0,199580.0,201592.0
total,201301,21666.0,21666.0,12820.0
total,201302,14603.0,36268.0,27118.0
total,201303,12284.0,48553.0,47027.0
total,201304,13804.0,62356.0,62542.0
total,201305,13861.0,76217.0,75664.0
total,201306,13864.0,90081.0,93354.0
total,201307,13289.0,103369.0,109541.0
total,201308,10135.0,113504.0,122817.0
total,201309,8467.0,121971.0,134878.0
total,201310,14638.0,136610.0,154291.0
total,201311,17495.0,154104.0,179575.0
total,201312,19212.0,173316.0,199580.0
total,201401,16287.0,16287.0,21666.0
total,201402,13387.0,29674.0,36268.0
total,201403,15638.0,45312.0,48553.0
total,201404,14903.0,60214.0,62356.0
total,201405,12635.0,72850.0,76217.0
total,201406,12818.0,85668.0,90081.0
total,201407,11537.0,97205.0,103369.0
total,201408,8873.0,106079.0,113504.0
total,201409,6356.0,112435.0,121971.0
total,201410,19345.0,131780.0,136610.0
total,201411,17513.0,149293.0,154104.0
total,201412,23432.0,172725.0,173316.0
total,201501,17382.0,17382.0,16287.0
total,201502,19719.0,37100.0,29674.0
total,201503,16380.0,53480.0,45312.0
total,201504,18826.0,72306.0,60214.0
total,201505,14661.0,86967.0,72850.0
total,201506,15736.0,102703.0,85668.0
total,201507,14824.0,117527.0,97205.0
total,201508,11676.0,129203.0,106079.0
total,201509,14704.0,143907.0,112435.0
total,201510,16714.0,160621.0,131780.0
total,201511,18705.0,179326.0,149293.0
total,201512,19831.0,199157.0,172725.0
total,201601,15441.0,15441.0,17382.0
total,201602,16186.0,31627.0,37100.0
total,201603,15298.0,46925.0,53480.0
total,201604,16755.0,63680.0,72306.0
total,201605,16348.0,80029.0,86967.0
total,201606,17332.0,97361.0,102703.0
total,201607,13866.0,111227.0,117527.0
total,201608,15979.0,127207.0,129203.0
total,201609,13211.0,140418.0,143907.0
total,201610,17809.0,158226.0,160621.0
total,201611,23598.0,181824.0,179326.0
total,201612,22857.0,204682.0,199157.0
total,201701,18784.0,18784.0,15441.0
total,201702,15188.0,33972.0,31627.0
total,201703,17501.0,51473.0,46925.0
total,201704,17971.0,69443.0,63680.0
total,201705,18619.0,88062.0,80029.0
total,201706,19571.0,107633.0,97361.0
total,201707,14494.0,122127.0,111227.0
total,201708,12262.0,134389.0,127207.0
total,201709,16123.0,150512.0,140418.0
total,201710,20844.0,171356.0,158226.0
total,201711,30190.0,201546.0,181824.0
total,201712,26470.0,228016.0,204682.0
total,201801,23455.0,23455.0,18784.0
total,201802,18332.0,41787.0,33972.0
total,201803,21726.0,63514.0,51473.0
total,201804,24254.0,87768.0,69443.0
total,201805,21690.0,109457.0,88062.0
total,201806,17881.0,127338.0,107633.0
total,201807,16013.0,143351.0,122127.0
total,201808,14936.0,158287.0,134389.0
total,201809,15841.0,174128.0,150512.0
total,201810,23482.0,197610.0,171356.0
total,201811,25831.0,223442.0,201546.0
total,201812,22771.0,246212.0,228016.0
total,201901,24219.0,24219.0,23455.0
total,201902,15986.0,40204.0,41787.0
total,201903,19093.0,59297.0,63514.0
total,201904,21173.0,80470.0,87768.0
total,201905,19851.0,100321.0,109457.0
total,201906,17306.0,117627.0,127338.0
total,201907,19833.0,137460.0,143351.0
total,201908,18476.0,155936.0,158287.0
total,201909,13131.0,169067.0,174128.0
total,201910,22169.0,191236.0,197610.0
total,201911,27487.0,218723.0,223442.0
total,201912,25597.0,244319.0,246212.0
total,202001,23000.0,23000.0,24219.0
total,202002,14691.0,37691.0,40204.0
total,202003,21840.0,59531.0,59297.0
total,202004,20919.0,80450.0,80470.0
total,202005,18632.0,99082.0,100321.0
total,202006,21724.0,120806.0,117627.0
total,202007,20270.0,141076.0,137460.0
total,202008,14686.0,155762.0,155936.0
total,202009,17785.0,173547.0,169067.0
total,202010,20528.0,194075.0,191236.0
total,202011,26464.0,220539.0,218723.0
total,202012,27671.0,248210.0,244319.0
total,202101,24192.0,24192.0,23000.0
total,202102,20074.0,44265.0,37691.0
total,202103,25033.0,69298.0,59531.0
total,202104,24941.0,94239.0,80450.0
total,202105,20645.0,114884.0,99082.0
total,202106,23853.0,138737.0,120806.0
total,202107,19900.0,158637.0,141076.0
total,202108,14159.0,172796.0,155762.0
total,202109,13388.0,186185.0,173547.0
total,202110,19906.0,206091.0,194075.0
total,202111,22177.0,228268.0,220539.0
total,202112,24346.0,252614.0,248210.0
total,202201,19775.0,19775.0,24192.0
total,202202,18256.0,38032.0,44265.0
total,202203,18637.0,56669.0,69298.0
total,202204,17310.0,73979.0,94239.0
total,202205,20205.0,94184.0,114884.0
total,202206,16938.0,111122.0,138737.0
total,202207,17856.0,128978.0,158637.0
total,202208,18902.0,147880.0,172796.0
total,202209,14715.0,162595.0,186185.0
total,202210,18721.0,181316.0,206091.0
total,202211,24180.0,205496.0,228268.0
total,202212,17798.0,223295.0,252614.0
total,202301,17544.0,17544.0,19775.0
total,202302,17645.0,35189.0,38032.0
total,202303,22296.0,57485.0,56669.0
total,202304,19678.0,77163.0,73979.0
total,202305,17920.0,95084.0,94184.0
total,202306,16634.0,111717.0,111122.0
total,202307,14045.0,125763.0,128978.0
total,202308,14306.0,140069.0,147880.0
total,202309,17192.0,157261.0,162595.0
total,202310,18359.0,175619.0,181316.0
total,202311,23264.0,198883.0,205496.0
total,202312,19705.0,218588.0,223295.0
total,202401,20613.0,20613.0,17544.0
total,202402,14490.0,35103.0,35189.0
total,202403,16865.0,51968.0,57485.0
total,202404,19602.0,71570.0,77163.0
total,202405,16253.0,87823.0,95084.0
total,202406,16689.0,104512.0,111717.0
total,202407,17772.0,122285.0,125763.0
total,202408,12926.0,135210.0,140069.0
total,202409,12234.0,147445.0,157261.0
total,202410,15424.0,162869.0,175619.0
total,202411,20019.0,182888.0,198883.0
total,202412,20659.0,203547.0,218588.0
total,202501,15254.0,15254.0,20613.0
total,202502,15616.0,30869.0,35103.0
total,202503,15490.0,46360.0,51968.0
total,202504,18064.0,64423.0,71570.0
total,202505,13133.0,77556.0,87823.0
total,202506,13445.0,91002.0,104512.0
total,202507,15812.0,106814.0,122285.0
total,202508,12997.0,119811.0,135210.0
total,202509,16886.0,136697.0,147445.0
total,202510,15322.0,152019.0,162869.0
total,202511,18161.0,170179.0,182888.0
total,202512,22207.0,192386.0,203547.0
total,202601,16007.0,16007.0,15254.0
total,202602,12123.0,28130.0,30869.0
total,202603,13628.0,41758.0,46360.0
total,202604,15432.0,57190.0,64423.0
total,202605,13895.0,71085.0,77556.0
total,202606,13315.0,84400.0,91002.0
total,202607,11329.0,95729.0,106814.0
total,202608,11601.0,107330.0,119811.0
frozen,199406,0.0,,
frozen,199407,0.0,,
frozen,199408,0.0,,
frozen,199409,0.0,,
frozen,199410,0.0,,
frozen,199411,0.0,,
frozen,199412,0.0,,
frozen,199501,0.0,,
frozen,199502,0.0,,
frozen,199503,0.0,,
frozen,199504,0.0,,
frozen,199505,0.0,,
frozen,199506,0.0,,
frozen,199507,0.0,,
frozen,199508,0.0,,
frozen,199509,0.0,,
frozen,199510,0.0,,
frozen,199511,0.0,,
frozen,199512,0.0,,
frozen,199601,0.0,,
frozen,199602,0.0,,
frozen,199603,0.0,,
frozen,199604,0.0,,
frozen,199605,0.0,,
frozen,199606,0.0,,
frozen,199607,0.0,,
frozen,199608,0.0,,
frozen,199609,0.0,,
frozen,199610,0.0,,
frozen,199611,0.0,,
frozen,199612,0.0,,
frozen,199701,0.0,,
frozen,199702,0.0,,
frozen,199703,0.0,,
frozen,199704,0.0,,
frozen,199705,0.0,,
frozen,199706,0.0,,
frozen,199707,0.0,,
frozen,199708,0.0,,
frozen,199709,0.0,,
frozen,199710,0.0,,
frozen,199711,0.0,,
frozen,199712,0.0,,
frozen,199801,0.0,,
frozen,199802,0.0,,
frozen,199803,0.0,,
frozen,199804,0.0,,
frozen,199805,0.0,,
frozen,199806,0.0,,
frozen,199807,0.0,,
frozen,199808,0.0,,
frozen,199809,0.0,,
frozen,199810,0.0,,
frozen,199811,0.0,,
frozen,199812,0.0,,
frozen,199901,0.0,,
frozen,199902,0.0,,
frozen,199903,0.0,,
frozen,199904,0.0,,
frozen,199905,0.0,,
frozen,199906,0.0,,
frozen,199907,0.0,,
frozen,199908,0.0,,
frozen,199909,0.0,,
frozen,199910,0.0,,
frozen,199911,0.0,,
frozen,199912,0.0,,
frozen,200001,0.0,,
frozen,200002,0.0,,
frozen,200003,0.0,,
frozen,200004,0.0,,
frozen,200005,0.0,,
frozen,200006,0.0,,
frozen,200007,0.0,,
frozen,200008,0.0,,
frozen,200009,0.0,,
frozen,200010,0.0,,
frozen,200011,0.0,,
frozen,200012,0.0,,
frozen,200101,0.0,,
frozen,200102,0.0,,
frozen,200103,0.0,,
frozen,200104,0.0,,
frozen,200105,0.0,,
frozen,200106,0.0,,
frozen,200107,0.0,,
frozen,200108,0.0,,
frozen,200109,0.0,,
frozen,200110,0.0,,
frozen,200111,0.0,,
frozen,200112,0.0,,
frozen,200201,0.0,,
frozen,200202,0.0,,
frozen,200203,0.0,,
frozen,200204,0.0,,
frozen,200205,0.0,,
frozen,200206,0.0,,
frozen,200207,0.0,,
frozen,200208,0.0,,
frozen,200209,0.0,,
frozen,200210,0.0,,
frozen,200211,0.0,,
frozen,200212,0.0,,
frozen,200301,500.0,,
frozen,200302,987.0,,
frozen,200303,371.0,,
frozen,200304,231.0,,
frozen,200305,407.0,,
frozen,200306,139.0,,
frozen,200307,91.0,,
frozen,200308,160.0,,
frozen,200309,3081.0,,
frozen,200310,16598.0,,
frozen,200311,16668.0,,
frozen,200312,9915.0,,
frozen,200401,5968.0,,
frozen,200402,2498.0,,
frozen,200403,2203.0,,
frozen,200404,1165.0,,
frozen,200405,565.0,,
frozen,200406,1242.0,,
frozen,200407,1710.0,,
frozen,200408,3246.0,,
frozen,200409,10175.0,,
frozen,200410,21647.0,,
frozen,200411,14485.0,,
frozen,200412,13311.0,,
frozen,200501,8102.0,,
frozen,200502,5634.0,,
frozen,200503,5760.0,,
frozen,200504,5451.0,,
frozen,200505,3008.0,,
frozen,200506,2435.0,,
frozen,200507,1589.0,,
frozen,200508,1356.0,,
frozen,200509,6568.0,,
frozen,200510,621.0,,
frozen,200511,25261.0,,
frozen,200512,6931.0,,
frozen,200601,7437.0,,
frozen,200602,9115.0,,
frozen,200603,5728.0,,
frozen,200604,4394.0,,
frozen,200605,3146.0,,
frozen,200606,5259.0,,
frozen,200607,4844.0,,
frozen,200608,8998.0,,
frozen,200609,5531.0,,
frozen,200610,8637.0,,
frozen,200611,21817.0,,
frozen,200612,10750.0,,
frozen,200701,15530.0,,
frozen,200702,15518.0,,
frozen,200703,6853.0,,
frozen,200704,8250.0,,
frozen,200705,11440.0,,
frozen,200706,7112.0,,
frozen,200707,6938.0,,
frozen,200708,2889.0,,
frozen,200709,4992.0,,
frozen,200710,17846.0,,
frozen,200711,16829.0,,
frozen,200712,12062.0,,
frozen,200801,10010.0,,
frozen,200802,7989.0,,
frozen,200803,8398.0,,
frozen,200804,9427.0,,
frozen,200805,6935.0,,
frozen,200806,6801.0,,
frozen,200807,7469.0,,
frozen,200808,5693.0,,
frozen,200809,7676.0,,
frozen,200810,20396.0,,
frozen,200811,16817.0,,
frozen,200812,16187.0,,
frozen,200901,14323.0,,
frozen,200902,8282.0,,
frozen,200903,11358.0,,
frozen,200904,14304.0,,
frozen,200905,10945.0,,
frozen,200906,11288.0,,
frozen,200907,14267.0,,
frozen,200908,7832.0,,
frozen,200909,9803.0,,
frozen,200910,13746.0,,
frozen,200911,14708.0,,
frozen,200912,13540.0,,
frozen,201001,11184.0,,
frozen,201002,13487.0,,
frozen,201003,11137.0,,
frozen,201004,11158.0,,
frozen,201005,8111.0,,
frozen,201006,7199.0,,
frozen,201007,7689.0,,
frozen,201008,13365.0,,
frozen,201009,4530.0,,
frozen,201010,15573.0,,
frozen,201011,27414.0,,
frozen,201012,16035.0,,
frozen,201101,17567.0,,
frozen,201102,11572.0,,
frozen,201103,16302.0,,
frozen,201104,11471.0,,
frozen,201105,11387.0,,
frozen,201106,11706.0,,
frozen,201107,13790.0,,
frozen,201108,11629.0,,
frozen,201109,19198.0,,
frozen,201110,30654.0,,
frozen,201111,28189.0,,
frozen,201112,18113.0,,
frozen,201201,10664.0,,
frozen,201202,13886.0,,
frozen,201203,19615.0,,
frozen,201204,14983.0,,
frozen,201205,12630.0,,
frozen,201206,11585.0,,
frozen,201207,15470.0,,
frozen,201208,13019.0,,
frozen,201209,11829.0,,
frozen,201210,19238.0,,
frozen,201211,24941.0,,
frozen,201212,19596.0,,
frozen,201301,21318.0,,
frozen,201302,14320.0,,
frozen,201303,11982.0,,
frozen,201304,13176.0,,
frozen,201305,13450.0,,
frozen,201306,13324.0,,
frozen,201307,12700.0,,
frozen,201308,9786.0,,
frozen,201309,8126.0,,
frozen,201310,14025.0,,
frozen,201311,16874.0,,
frozen,201312,18763.0,,
frozen,201401,15818.0,,
frozen,201402,13047.0,,
frozen,201403,15158.0,,
frozen,201404,14502.0,,
frozen,201405,12151.0,,
frozen,201406,12450.0,,
frozen,201407,11097.0,,
frozen,201408,8307.0,,
frozen,201409,6061.0,,
frozen,201410,18877.0,,
frozen,201411,17132.0,,
frozen,201412,22885.0,,
frozen,201501,16852.0,,
frozen,201502,19134.0,,
frozen,201503,15872.0,,
frozen,201504,18344.0,,
frozen,201505,14161.0,,
frozen,201506,15008.0,,
frozen,201507,14212.0,,
frozen,201508,11218.0,,
frozen,201509,14265.0,,
frozen,201510,16276.0,,
frozen,201511,18309.0,,
frozen,201512,19349.0,,
frozen,201601,15050.0,,
frozen,201602,15918.0,,
frozen,201603,14930.0,,
frozen,201604,16402.0,,
frozen,201605,15918.0,,
frozen,201606,16724.0,,
frozen,201607,13616.0,,
frozen,201608,15729.0,,
frozen,201609,12982.0,,
frozen,201610,17430.0,,
frozen,201611,23364.0,,
frozen,201612,22523.0,,
frozen,201701,18447.0,,
frozen,201702,14906.0,,
frozen,201703,17162.0,,
frozen,201704,17706.0,,
frozen,201705,18290.0,,
frozen,201706,19251.0,,
frozen,201707,14301.0,,
frozen,201708,12083.0,,
frozen,201709,15860.0,,
frozen,201710,20627.0,,
frozen,201711,29868.0,,
frozen,201712,26157.0,,
frozen,201801,23062.0,,
frozen,201802,18073.0,,
frozen,201803,21410.0,,
frozen,201804,23921.0,,
frozen,201805,21343.0,,
frozen,201806,17604.0,,
frozen,201807,15662.0,,
frozen,201808,14670.0,,
frozen,201809,15509.0,,
frozen,201810,23076.0,,
frozen,201811,25531.0,,
frozen,201812,22374.0,,
frozen,201901,23814.0,,
frozen,201902,15630.0,,
frozen,201903,18616.0,,
frozen,201904,20781.0,,
frozen,201905,19387.0,,
frozen,201906,17082.0,,
frozen,201907,19426.0,,
frozen,201908,18216.0,,
frozen,201909,12818.0,,
frozen,201910,21759.0,,
frozen,201911,27176.0,,
frozen,201912,25273.0,,
frozen,202001,22543.0,,
frozen,202002,14393.0,,
frozen,202003,21353.0,,
frozen,202004,20422.0,,
frozen,202005,18057.0,,
frozen,202006,21241.0,,
frozen,202007,19744.0,,
frozen,202008,14244.0,,
frozen,202009,17008.0,,
frozen,202010,19993.0,,
frozen,202011,25950.0,,
frozen,202012,27183.0,,
frozen,202101,23637.0,,
frozen,202102,19740.0,,
frozen,202103,24460.0,,
frozen,202104,24398.0,,
frozen,202105,20110.0,,
frozen,202106,23381.0,,
frozen,202107,19518.0,,
frozen,202108,13672.0,,
frozen,202109,12913.0,,
frozen,202110,19376.0,,
frozen,202111,21531.0,,
frozen,202112,23763.0,,
frozen,202201,19021.0,,
frozen,202202,17647.0,,
frozen,202203,18018.0,,
frozen,202204,16662.0,,
frozen,202205,19653.0,,
frozen,202206,16341.0,,
frozen,202207,17298.0,,
frozen,202208,18414.0,,
frozen,202209,14427.0,,
frozen,202210,18300.0,,
frozen,202211,23594.0,,
frozen,202212,17177.0,,
frozen,202301,17016.0,,
frozen,202302,17112.0,,
frozen,202303,21684.0,,
frozen,202304,19231.0,,
frozen,202305,17412.0,,
frozen,202306,16077.0,,
frozen,202307,13561.0,,
frozen,202308,13317.0,,
frozen,202309,15280.0,,
frozen,202310,17963.0,,
frozen,202311,22764.0,,
frozen,202312,18369.0,,
frozen,202401,20153.0,,
frozen,202402,14045.0,,
frozen,202403,16350.0,,
frozen,202404,19160.0,,
frozen,202405,15926.0,,
frozen,202406,16219.0,,
frozen,202407,17325.0,,
frozen,202408,11906.0,,
frozen,202409,11108.0,,
frozen,202410,14910.0,,
frozen,202411,19513.0,,
frozen,202412,20077.0,,
frozen,202501,14819.0,,
frozen,202502,14932.0,,
frozen,202503,14928.0,,
frozen,202504,17359.0,,
frozen,202505,12480.0,,
frozen,202506,13029.0,,
frozen,202507,15398.0,,
frozen,202508,12482.0,,
frozen,202509,16282.0,,
frozen,202510,14806.0,,
frozen,202511,17646.0,,
frozen,202512,21546.0,,
frozen,202601,15611.0,,
frozen,202602,11667.0,,
frozen,202603,13099.0,,
frozen,202604,14836.0,,
frozen,202605,13104.0,,
frozen,202606,12739.0,,
frozen,202607,10758.0,,
frozen,202608,11323.0,,
