kw,prd,val
CPI_풋고추,200101,45.772
CPI_풋고추,200102,65.711
CPI_풋고추,200103,79.174
CPI_풋고추,200104,42.57
CPI_풋고추,200105,34.602
CPI_풋고추,200106,36.167
CPI_풋고추,200107,34.53
CPI_풋고추,200108,37.185
CPI_풋고추,200109,36.494
CPI_풋고추,200110,33.838
CPI_풋고추,200111,30.637
CPI_풋고추,200112,34.093
CPI_풋고추,200201,52.395
CPI_풋고추,200202,84.158
CPI_풋고추,200203,67.058
CPI_풋고추,200204,43.626
CPI_풋고추,200205,49.265
CPI_풋고추,200206,42.498
CPI_풋고추,200207,31.182
CPI_풋고추,200208,35.002
CPI_풋고추,200209,42.825
CPI_풋고추,200210,35.803
CPI_풋고추,200211,60.217
CPI_풋고추,200212,76.773
CPI_풋고추,200301,69.496
CPI_풋고추,200302,63.382
CPI_풋고추,200303,81.721
CPI_풋고추,200304,46.755
CPI_풋고추,200305,49.265
CPI_풋고추,200306,40.896
CPI_풋고추,200307,37.404
CPI_풋고추,200308,38.569
CPI_풋고추,200309,51.922
CPI_풋고추,200310,46.791
CPI_풋고추,200311,47.228
CPI_풋고추,200312,48.465
CPI_풋고추,200401,55.887
CPI_풋고추,200402,61.492
CPI_풋고추,200403,65.056
CPI_풋고추,200404,46.427
CPI_풋고추,200405,45.7
CPI_풋고추,200406,46.318
CPI_풋고추,200407,44.244
CPI_풋고추,200408,48.283
CPI_풋고추,200409,53.304
CPI_풋고추,200410,50.212
CPI_풋고추,200411,53.268
CPI_풋고추,200412,55.415
CPI_풋고추,200501,57.365
CPI_풋고추,200502,73.732
CPI_풋고추,200503,81.833
CPI_풋고추,200504,62.205
CPI_풋고추,200505,50.514
CPI_풋고추,200506,44.587
CPI_풋고추,200507,43.554
CPI_풋고추,200508,40.618
CPI_풋고추,200509,50.949
CPI_풋고추,200510,46.653
CPI_풋고추,200511,46.762
CPI_풋고추,200512,53.668
CPI_풋고추,200601,78.843
CPI_풋고추,200602,103.964
CPI_풋고추,200603,105.54
CPI_풋고추,200604,67.316
CPI_풋고추,200605,63.89
CPI_풋고추,200606,57.583
CPI_풋고추,200607,54.972
CPI_풋고추,200608,64.053
CPI_풋고추,200609,64.978
CPI_풋고추,200610,53.395
CPI_풋고추,200611,41.868
CPI_풋고추,200612,53.831
CPI_풋고추,200701,60.845
CPI_풋고추,200702,76.885
CPI_풋고추,200703,68.62
CPI_풋고추,200704,62.803
CPI_풋고추,200705,53.668
CPI_풋고추,200706,49.589
CPI_풋고추,200707,49.263
CPI_풋고추,200708,51.384
CPI_풋고추,200709,65.739
CPI_풋고추,200710,64.053
CPI_풋고추,200711,77.483
CPI_풋고추,200712,91.023
CPI_풋고추,200801,97.548
CPI_풋고추,200802,108.749
CPI_풋고추,200803,88.956
CPI_풋고추,200804,67.751
CPI_풋고추,200805,58.942
CPI_풋고추,200806,51.547
CPI_풋고추,200807,52.091
CPI_풋고추,200808,50.079
CPI_풋고추,200809,46.545
CPI_풋고추,200810,43.282
CPI_풋고추,200811,50.568
CPI_풋고추,200812,55.57
CPI_풋고추,200901,74.71
CPI_풋고추,200902,95.427
CPI_풋고추,200903,117.177
CPI_풋고추,200904,72.59
CPI_풋고추,200905,61.606
CPI_풋고추,200906,57.583
CPI_풋고추,200907,55.516
CPI_풋고추,200908,58.072
CPI_풋고추,200909,49.698
CPI_풋고추,200910,50.46
CPI_풋고추,200911,59.594
CPI_풋고추,200912,68.675
CPI_풋고추,201001,74.09
CPI_풋고추,201002,93.4
CPI_풋고추,201003,123.941
CPI_풋고추,201004,104.712
CPI_풋고추,201005,77.725
CPI_풋고추,201006,60.92
CPI_풋고추,201007,58.577
CPI_풋고추,201008,53.648
CPI_풋고추,201009,85.643
CPI_풋고추,201010,83.624
CPI_풋고추,201011,79.18
CPI_풋고추,201012,74.009
CPI_풋고추,201101,68.353
CPI_풋고추,201102,72.717
CPI_풋고추,201103,95.985
CPI_풋고추,201104,62.94
CPI_풋고추,201105,58.173
CPI_풋고추,201106,67.707
CPI_풋고추,201107,79.342
CPI_풋고추,201108,82.897
CPI_풋고추,201109,77.807
CPI_풋고추,201110,66.818
CPI_풋고추,201111,73.848
CPI_풋고추,201112,77.807
CPI_풋고추,201201,92.447
CPI_풋고추,201202,115.853
CPI_풋고추,201203,144.107
CPI_풋고추,201204,94.846
CPI_풋고추,201205,79.277
CPI_풋고추,201206,66.987
CPI_풋고추,201207,59.717
CPI_풋고추,201208,59.902
CPI_풋고추,201209,81.983
CPI_풋고추,201210,83.842
CPI_풋고추,201211,79.277
CPI_풋고추,201212,90.354
CPI_풋고추,201301,107.499
CPI_풋고추,201302,125.306
CPI_풋고추,201303,115.045
CPI_풋고추,201304,77.556
CPI_풋고추,201305,68.854
CPI_풋고추,201306,68.143
CPI_풋고추,201307,69.291
CPI_풋고추,201308,80.336
CPI_풋고추,201309,70.284
CPI_풋고추,201310,60.977
CPI_풋고추,201311,60.258
CPI_풋고추,201312,62.964
CPI_풋고추,201401,87.809
CPI_풋고추,201402,117.8
CPI_풋고추,201403,116.233
CPI_풋고추,201404,85.142
CPI_풋고추,201405,76.91
CPI_풋고추,201406,70.413
CPI_풋고추,201407,65.703
CPI_풋고추,201408,67.513
CPI_풋고추,201409,87.785
CPI_풋고추,201410,67.699
CPI_풋고추,201411,85.563
CPI_풋고추,201412,97.739
CPI_풋고추,201501,104.372
CPI_풋고추,201502,134.082
CPI_풋고추,201503,122.393
CPI_풋고추,201504,89.103
CPI_풋고추,201505,85.111
CPI_풋고추,201506,71.057
CPI_풋고추,201507,65.365
CPI_풋고추,201508,59.944
CPI_풋고추,201509,60.766
CPI_풋고추,201510,57.554
CPI_풋고추,201511,60.626
CPI_풋고추,201512,75.287
CPI_풋고추,201601,86.245
CPI_풋고추,201602,114.41
CPI_풋고추,201603,92.734
CPI_풋고추,201604,76.454
CPI_풋고추,201605,69.719
CPI_풋고추,201606,64.24
CPI_풋고추,201607,69.899
CPI_풋고추,201608,78.86
CPI_풋고추,201609,127.478
CPI_풋고추,201610,88.692
CPI_풋고추,201611,97.218
CPI_풋고추,201612,96.725
CPI_풋고추,201701,104.685
CPI_풋고추,201702,103.321
CPI_풋고추,201703,95.37
CPI_풋고추,201704,82.376
CPI_풋고추,201705,82.573
CPI_풋고추,201706,80.281
CPI_풋고추,201707,81.169
CPI_풋고추,201708,92.216
CPI_풋고추,201709,101.719
CPI_풋고추,201710,81.735
CPI_풋고추,201711,78.129
CPI_풋고추,201712,71.353
CPI_풋고추,201801,79.83
CPI_풋고추,201802,125.186
CPI_풋고추,201803,96.75
CPI_풋고추,201804,89.374
CPI_풋고추,201805,77.776
CPI_풋고추,201806,78.992
CPI_풋고추,201807,78.639
CPI_풋고추,201808,91.181
CPI_풋고추,201809,99.075
CPI_풋고추,201810,85.128
CPI_풋고추,201811,78.384
CPI_풋고추,201812,71.961
CPI_풋고추,201901,79.936
CPI_풋고추,201902,94.007
CPI_풋고추,201903,98.598
CPI_풋고추,201904,78.828
CPI_풋고추,201905,79.55
CPI_풋고추,201906,77.661
CPI_풋고추,201907,76.503
CPI_풋고추,201908,86.31
CPI_풋고추,201909,95.411
CPI_풋고추,201910,89.161
CPI_풋고추,201911,92.66
CPI_풋고추,201912,87.288
CPI_풋고추,202001,104.76
CPI_풋고추,202002,125.98
CPI_풋고추,202003,122.69
CPI_풋고추,202004,92.94
CPI_풋고추,202005,82.01
CPI_풋고추,202006,78.77
CPI_풋고추,202007,88.12
CPI_풋고추,202008,93.5
CPI_풋고추,202009,118.55
CPI_풋고추,202010,124.88
CPI_풋고추,202011,90.77
CPI_풋고추,202012,77.02
CPI_풋고추,202101,89.73
CPI_풋고추,202102,137.1
CPI_풋고추,202103,122.25
CPI_풋고추,202104,99.34
CPI_풋고추,202105,91.03
CPI_풋고추,202106,95.28
CPI_풋고추,202107,96.5
CPI_풋고추,202108,90.29
CPI_풋고추,202109,90.81
CPI_풋고추,202110,82.9
CPI_풋고추,202111,107.62
CPI_풋고추,202112,90.77
CPI_풋고추,202201,99.4
CPI_풋고추,202202,119.89
CPI_풋고추,202203,114.4
CPI_풋고추,202204,108.19
CPI_풋고추,202205,96.2
CPI_풋고추,202206,97.51
CPI_풋고추,202207,122.63
CPI_풋고추,202208,118.22
CPI_풋고추,202209,133.81
CPI_풋고추,202210,104.8
CPI_풋고추,202211,103.6
CPI_풋고추,202212,90.14
CPI_풋고추,202301,116.51
CPI_풋고추,202302,161.3
CPI_풋고추,202303,167.47
CPI_풋고추,202304,124.13
CPI_풋고추,202305,116.11
CPI_풋고추,202306,111.11
CPI_풋고추,202307,114.26
CPI_풋고추,202308,117.29
CPI_풋고추,202309,120.31
CPI_풋고추,202310,130.27
CPI_풋고추,202311,118.8
CPI_풋고추,202312,106.13
CPI_풋고추,202401,131.98
CPI_풋고추,202402,175.56
CPI_풋고추,202403,188.53
CPI_풋고추,202404,149.66
CPI_풋고추,202405,119.98
CPI_풋고추,202406,100.58
CPI_풋고추,202407,118.12
CPI_풋고추,202408,132.89
CPI_풋고추,202409,152.91
CPI_풋고추,202410,146.4
CPI_풋고추,202411,147.2
CPI_풋고추,202412,121.77
CPI_풋고추,202501,130.31
CPI_풋고추,202502,158.14
CPI_풋고추,202503,171.13
CPI_풋고추,202504,135.89
CPI_풋고추,202505,114.99
CPI_풋고추,202506,110.56
CPI_풋고추,202507,121.37
CPI_풋고추,202508,119.46
CPI_풋고추,202509,120.37
CPI_풋고추,202510,136.52
CPI_풋고추,202511,130.8
CPI_풋고추,202512,115.39
CPI_풋고추,202601,126.74
CPI_풋고추,202602,163.4
CPI_풋고추,202603,144.5
CPI_풋고추,202604,122.61
CPI_풋고추,202605,113.29
CPI_풋고추,202606,115.38
CPI_풋고추,202607,117.22
CPI_풋고추,202608,119.86
PPI_풋고추,200101,52.52
PPI_풋고추,200102,65.01
PPI_풋고추,200103,67.95
PPI_풋고추,200104,49.52
PPI_풋고추,200105,48.63
PPI_풋고추,200106,53.88
PPI_풋고추,200107,52.09
PPI_풋고추,200108,50.04
PPI_풋고추,200109,50.73
PPI_풋고추,200110,44.22
PPI_풋고추,200111,43.54
PPI_풋고추,200112,45.05
PPI_풋고추,200201,53.78
PPI_풋고추,200202,62.23
PPI_풋고추,200203,57.92
PPI_풋고추,200204,45.32
PPI_풋고추,200205,47.1
PPI_풋고추,200206,39.07
PPI_풋고추,200207,33.82
PPI_풋고추,200208,33.82
PPI_풋고추,200209,43.22
PPI_풋고추,200210,40.7
PPI_풋고추,200211,51.2
PPI_풋고추,200212,58.87
PPI_풋고추,200301,53.51
PPI_풋고추,200302,53.04
PPI_풋고추,200303,60.71
PPI_풋고추,200304,44.07
PPI_풋고추,200305,47.95
PPI_풋고추,200306,42.96
PPI_풋고추,200307,43.12
PPI_풋고추,200308,50.99
PPI_풋고추,200309,62.45
PPI_풋고추,200310,60.4
PPI_풋고추,200311,61.18
PPI_풋고추,200312,62.81
PPI_풋고추,200401,68.53
PPI_풋고추,200402,72.16
PPI_풋고추,200403,71.84
PPI_풋고추,200404,62.28
PPI_풋고추,200405,60.34
PPI_풋고추,200406,55.83
PPI_풋고추,200407,55.2
PPI_풋고추,200408,52.46
PPI_풋고추,200409,52.04
PPI_풋고추,200410,50.67
PPI_풋고추,200411,53.3
PPI_풋고추,200412,54.25
PPI_풋고추,200501,59.81
PPI_풋고추,200502,89.85
PPI_풋고추,200503,94.79
PPI_풋고추,200504,66.59
PPI_풋고추,200505,46
PPI_풋고추,200506,36.6
PPI_풋고추,200507,38.97
PPI_풋고추,200508,31.15
PPI_풋고추,200509,41.7
PPI_풋고추,200510,36.76
PPI_풋고추,200511,38.23
PPI_풋고추,200512,49.73
PPI_풋고추,200601,98.62
PPI_풋고추,200602,145.78
PPI_풋고추,200603,125.98
PPI_풋고추,200604,70.21
PPI_풋고추,200605,68.63
PPI_풋고추,200606,48.78
PPI_풋고추,200607,53.72
PPI_풋고추,200608,61.39
PPI_풋고추,200609,63.39
PPI_풋고추,200610,31.15
PPI_풋고추,200611,32.72
PPI_풋고추,200612,53.78
PPI_풋고추,200701,59.24
PPI_풋고추,200702,77.51
PPI_풋고추,200703,73.11
PPI_풋고추,200704,56.35
PPI_풋고추,200705,46.05
PPI_풋고추,200706,39.02
PPI_풋고추,200707,39.86
PPI_풋고추,200708,38.23
PPI_풋고추,200709,65.74
PPI_풋고추,200710,50.79
PPI_풋고추,200711,80.36
PPI_풋고추,200712,120.15
PPI_풋고추,200801,117.37
PPI_풋고추,200802,118
PPI_풋고추,200803,88.49
PPI_풋고추,200804,58.35
PPI_풋고추,200805,55.46
PPI_풋고추,200806,44.42
PPI_풋고추,200807,41.96
PPI_풋고추,200808,37.23
PPI_풋고추,200809,35.44
PPI_풋고추,200810,38.08
PPI_풋고추,200811,53.67
PPI_풋고추,200812,60.34
PPI_풋고추,200901,100.25
PPI_풋고추,200902,161.8
PPI_풋고추,200903,134.49
PPI_풋고추,200904,71.53
PPI_풋고추,200905,66.27
PPI_풋고추,200906,49.73
PPI_풋고추,200907,57.76
PPI_풋고추,200908,51.04
PPI_풋고추,200909,50.16
PPI_풋고추,200910,42.27
PPI_풋고추,200911,67.64
PPI_풋고추,200912,86.33
PPI_풋고추,201001,86.12
PPI_풋고추,201002,137.15
PPI_풋고추,201003,184.85
PPI_풋고추,201004,115.13
PPI_풋고추,201005,85.55
PPI_풋고추,201006,59.72
PPI_풋고추,201007,55.78
PPI_풋고추,201008,47.74
PPI_풋고추,201009,102.35
PPI_풋고추,201010,80.31
PPI_풋고추,201011,94.95
PPI_풋고추,201012,62.61
PPI_풋고추,201101,70.43
PPI_풋고추,201102,77.54
PPI_풋고추,201103,115.83
PPI_풋고추,201104,49.8
PPI_풋고추,201105,60.25
PPI_풋고추,201106,58.09
PPI_풋고추,201107,94.33
PPI_풋고추,201108,87.13
PPI_풋고추,201109,72.65
PPI_풋고추,201110,67.37
PPI_풋고추,201111,68.65
PPI_풋고추,201112,85.94
PPI_풋고추,201201,109.07
PPI_풋고추,201202,159.45
PPI_풋고추,201203,157.41
PPI_풋고추,201204,83.39
PPI_풋고추,201205,88.49
PPI_풋고추,201206,51.66
PPI_풋고추,201207,52.54
PPI_풋고추,201208,64.72
PPI_풋고추,201209,102.37
PPI_풋고추,201210,72.37
PPI_풋고추,201211,88.68
PPI_풋고추,201212,112.2
PPI_풋고추,201301,120.59
PPI_풋고추,201302,152.83
PPI_풋고추,201303,119.35
PPI_풋고추,201304,66.41
PPI_풋고추,201305,62.32
PPI_풋고추,201306,64.18
PPI_풋고추,201307,70.15
PPI_풋고추,201308,60.13
PPI_풋고추,201309,64.13
PPI_풋고추,201310,40.63
PPI_풋고추,201311,45.44
PPI_풋고추,201312,57.53
PPI_풋고추,201401,123.03
PPI_풋고추,201402,140.96
PPI_풋고추,201403,126.58
PPI_풋고추,201404,91.84
PPI_풋고추,201405,73.08
PPI_풋고추,201406,57.87
PPI_풋고추,201407,56.53
PPI_풋고추,201408,70.47
PPI_풋고추,201409,87.75
PPI_풋고추,201410,60
PPI_풋고추,201411,108.98
PPI_풋고추,201412,102.61
PPI_풋고추,201501,102.7
PPI_풋고추,201502,185.96
PPI_풋고추,201503,123.1
PPI_풋고추,201504,88.34
PPI_풋고추,201505,83.93
PPI_풋고추,201506,59.43
PPI_풋고추,201507,52.33
PPI_풋고추,201508,39.53
PPI_풋고추,201509,41.21
PPI_풋고추,201510,33.62
PPI_풋고추,201511,51.87
PPI_풋고추,201512,70.26
PPI_풋고추,201601,78.64
PPI_풋고추,201602,138.18
PPI_풋고추,201603,79.09
PPI_풋고추,201604,70.77
PPI_풋고추,201605,75.16
PPI_풋고추,201606,56.22
PPI_풋고추,201607,84.7
PPI_풋고추,201608,107.21
PPI_풋고추,201609,146.77
PPI_풋고추,201610,74.36
PPI_풋고추,201611,112.12
PPI_풋고추,201612,92.25
PPI_풋고추,201701,117.44
PPI_풋고추,201702,100.26
PPI_풋고추,201703,89.36
PPI_풋고추,201704,91.95
PPI_풋고추,201705,80.7
PPI_풋고추,201706,70.82
PPI_풋고추,201707,82.83
PPI_풋고추,201708,86.27
PPI_풋고추,201709,109.84
PPI_풋고추,201710,55.28
PPI_풋고추,201711,62.24
PPI_풋고추,201712,50.88
PPI_풋고추,201801,96.3
PPI_풋고추,201802,147.99
PPI_풋고추,201803,108.62
PPI_풋고추,201804,75.13
PPI_풋고추,201805,74.51
PPI_풋고추,201806,67.99
PPI_풋고추,201807,93.38
PPI_풋고추,201808,95.8
PPI_풋고추,201809,123.51
PPI_풋고추,201810,71.09
PPI_풋고추,201811,60.85
PPI_풋고추,201812,53.51
PPI_풋고추,201901,73.84
PPI_풋고추,201902,111.52
PPI_풋고추,201903,117.96
PPI_풋고추,201904,71.09
PPI_풋고추,201905,78.63
PPI_풋고추,201906,71.23
PPI_풋고추,201907,75.32
PPI_풋고추,201908,105.24
PPI_풋고추,201909,99.27
PPI_풋고추,201910,86.54
PPI_풋고추,201911,83.68
PPI_풋고추,201912,57.46
PPI_풋고추,202001,117.58
PPI_풋고추,202002,150.98
PPI_풋고추,202003,102.74
PPI_풋고추,202004,80.09
PPI_풋고추,202005,70.08
PPI_풋고추,202006,79.76
PPI_풋고추,202007,86.69
PPI_풋고추,202008,94.19
PPI_풋고추,202009,177.66
PPI_풋고추,202010,107.73
PPI_풋고추,202011,82.4
PPI_풋고추,202012,50.1
PPI_풋고추,202101,91.83
PPI_풋고추,202102,208.7
PPI_풋고추,202103,136.39
PPI_풋고추,202104,85.54
PPI_풋고추,202105,79.78
PPI_풋고추,202106,104.35
PPI_풋고추,202107,104.66
PPI_풋고추,202108,65.26
PPI_풋고추,202109,67.61
PPI_풋고추,202110,91.41
PPI_풋고추,202111,95.63
PPI_풋고추,202112,74.23
PPI_풋고추,202201,133.74
PPI_풋고추,202202,146.6
PPI_풋고추,202203,117.09
PPI_풋고추,202204,93
PPI_풋고추,202205,98.82
PPI_풋고추,202206,112.78
PPI_풋고추,202207,158.51
PPI_풋고추,202208,114.38
PPI_풋고추,202209,152.96
PPI_풋고추,202210,114.42
PPI_풋고추,202211,90.18
PPI_풋고추,202212,84.66
PPI_풋고추,202301,157.3
PPI_풋고추,202302,252.77
PPI_풋고추,202303,140.11
PPI_풋고추,202304,80.57
PPI_풋고추,202305,88.06
PPI_풋고추,202306,92.41
PPI_풋고추,202307,78.19
PPI_풋고추,202308,68.91
PPI_풋고추,202309,119.16
PPI_풋고추,202310,107.6
PPI_풋고추,202311,73.49
PPI_풋고추,202312,82.65
PPI_풋고추,202401,164.78
PPI_풋고추,202402,201.27
PPI_풋고추,202403,209.28
PPI_풋고추,202404,110.03
PPI_풋고추,202405,72.87
PPI_풋고추,202406,61.2
PPI_풋고추,202407,85.17
PPI_풋고추,202408,82.77
PPI_풋고추,202409,98.08
PPI_풋고추,202410,106.89
PPI_풋고추,202411,81.97
PPI_풋고추,202412,70.34
PPI_풋고추,202501,91.48
PPI_풋고추,202502,118.95
PPI_풋고추,202503,121.59
PPI_풋고추,202504,68.83
PPI_풋고추,202505,63.19
PPI_풋고추,202506,71.25
PPI_풋고추,202507,101.24
PPI_풋고추,202508,58.97
PPI_풋고추,202509,81.62
PPI_풋고추,202510,78.22
PPI_풋고추,202511,82.99
PPI_풋고추,202512,60.85
PPI_풋고추,202601,97.79
PPI_풋고추,202602,132.11
PPI_풋고추,202603,96.15
PPI_풋고추,202604,69.84
PPI_풋고추,202605,63.72
PPI_풋고추,202606,70.79
PPI_풋고추,202607,61.99
PPI_풋고추,202608,61.39
PPI_건고추,200101,45.89
PPI_건고추,200102,56.81
PPI_건고추,200103,59.38
PPI_건고추,200104,43.27
PPI_건고추,200105,42.49
PPI_건고추,200106,47.08
PPI_건고추,200107,45.52
PPI_건고추,200108,43.73
PPI_건고추,200109,44.33
PPI_건고추,200110,38.63
PPI_건고추,200111,38.04
PPI_건고추,200112,39.37
PPI_건고추,200201,46.98
PPI_건고추,200202,54.38
PPI_건고추,200203,50.61
PPI_건고추,200204,39.6
PPI_건고추,200205,41.15
PPI_건고추,200206,34.14
PPI_건고추,200207,29.55
PPI_건고추,200208,29.55
PPI_건고추,200209,37.76
PPI_건고추,200210,35.56
PPI_건고추,200211,44.74
PPI_건고추,200212,51.44
PPI_건고추,200301,46.76
PPI_건고추,200302,46.34
PPI_건고추,200303,53.04
PPI_건고추,200304,38.5
PPI_건고추,200305,41.89
PPI_건고추,200306,37.54
PPI_건고추,200307,37.67
PPI_건고추,200308,44.55
PPI_건고추,200309,54.56
PPI_건고추,200310,52.77
PPI_건고추,200311,53.45
PPI_건고추,200312,54.88
PPI_건고추,200401,59.88
PPI_건고추,200402,63.05
PPI_건고추,200403,62.78
PPI_건고추,200404,54.42
PPI_건고추,200405,52.72
PPI_건고추,200406,48.77
PPI_건고추,200407,48.23
PPI_건고추,200408,45.84
PPI_건고추,200409,45.48
PPI_건고추,200410,44.28
PPI_건고추,200411,46.57
PPI_건고추,200412,47.4
PPI_건고추,200501,48.69
PPI_건고추,200502,48.96
PPI_건고추,200503,49.78
PPI_건고추,200504,48.77
PPI_건고추,200505,47.95
PPI_건고추,200506,47.68
PPI_건고추,200507,45.66
PPI_건고추,200508,42.86
PPI_건고추,200509,42.62
PPI_건고추,200510,42.22
PPI_건고추,200511,42.49
PPI_건고추,200512,42.95
PPI_건고추,200601,43.09
PPI_건고추,200602,43.36
PPI_건고추,200603,43.45
PPI_건고추,200604,42.3
PPI_건고추,200605,41.57
PPI_건고추,200606,41.07
PPI_건고추,200607,41.48
PPI_건고추,200608,50.16
PPI_건고추,200609,58.32
PPI_건고추,200610,59.33
PPI_건고추,200611,57.95
PPI_건고추,200612,57.31
PPI_건고추,200701,56.99
PPI_건고추,200702,56.76
PPI_건고추,200703,56.25
PPI_건고추,200704,54.74
PPI_건고추,200705,54.06
PPI_건고추,200706,53.59
PPI_건고추,200707,52.31
PPI_건고추,200708,44.51
PPI_건고추,200709,41.25
PPI_건고추,200710,41.66
PPI_건고추,200711,41.66
PPI_건고추,200712,41.66
PPI_건고추,200801,41.57
PPI_건고추,200802,41.34
PPI_건고추,200803,41.53
PPI_건고추,200804,40.97
PPI_건고추,200805,40.01
PPI_건고추,200806,41.76
PPI_건고추,200807,44.01
PPI_건고추,200808,43.36
PPI_건고추,200809,49.74
PPI_건고추,200810,50.93
PPI_건고추,200811,50.29
PPI_건고추,200812,50.24
PPI_건고추,200901,49.15
PPI_건고추,200902,48.87
PPI_건고추,200903,48.82
PPI_건고추,200904,48.73
PPI_건고추,200905,48.73
PPI_건고추,200906,51.21
PPI_건고추,200907,51.44
PPI_건고추,200908,51.35
PPI_건고추,200909,54.88
PPI_건고추,200910,54.28
PPI_건고추,200911,52.82
PPI_건고추,200912,50.75
PPI_건고추,201001,48.77
PPI_건고추,201002,48.66
PPI_건고추,201003,48.66
PPI_건고추,201004,48.59
PPI_건고추,201005,48.41
PPI_건고추,201006,48.41
PPI_건고추,201007,48.06
PPI_건고추,201008,48.36
PPI_건고추,201009,55.22
PPI_건고추,201010,74.14
PPI_건고추,201011,77.5
PPI_건고추,201012,77.92
PPI_건고추,201101,75.37
PPI_건고추,201102,74.88
PPI_건고추,201103,75.72
PPI_건고추,201104,75.69
PPI_건고추,201105,75.37
PPI_건고추,201106,75.42
PPI_건고추,201107,75.47
PPI_건고추,201108,76.2
PPI_건고추,201109,131.62
PPI_건고추,201110,126.23
PPI_건고추,201111,123.27
PPI_건고추,201112,122.26
PPI_건고추,201201,122.26
PPI_건고추,201202,122.26
PPI_건고추,201203,121.79
PPI_건고추,201204,118.93
PPI_건고추,201205,112.83
PPI_건고추,201206,110.57
PPI_건고추,201207,110.64
PPI_건고추,201208,110.21
PPI_건고추,201209,101.68
PPI_건고추,201210,92.82
PPI_건고추,201211,88.99
PPI_건고추,201212,87.08
PPI_건고추,201301,79.86
PPI_건고추,201302,79.68
PPI_건고추,201303,78.53
PPI_건고추,201304,74.7
PPI_건고추,201305,68.59
PPI_건고추,201306,68.01
PPI_건고추,201307,67.62
PPI_건고추,201308,61.15
PPI_건고추,201309,59.85
PPI_건고추,201310,58.92
PPI_건고추,201311,58.46
PPI_건고추,201312,58.46
PPI_건고추,201401,58.42
PPI_건고추,201402,56.96
PPI_건고추,201403,56.22
PPI_건고추,201404,55.63
PPI_건고추,201405,55.38
PPI_건고추,201406,56.92
PPI_건고추,201407,58.09
PPI_건고추,201408,65.17
PPI_건고추,201409,72.37
PPI_건고추,201410,73.69
PPI_건고추,201411,73.43
PPI_건고추,201412,69.86
PPI_건고추,201501,67.43
PPI_건고추,201502,67.32
PPI_건고추,201503,67.32
PPI_건고추,201504,67.32
PPI_건고추,201505,67.32
PPI_건고추,201506,67.32
PPI_건고추,201507,67.32
PPI_건고추,201508,65.98
PPI_건고추,201509,66.8
PPI_건고추,201510,65.41
PPI_건고추,201511,64.66
PPI_건고추,201512,63.63
PPI_건고추,201601,63.13
PPI_건고추,201602,62.86
PPI_건고추,201603,62.57
PPI_건고추,201604,60.84
PPI_건고추,201605,58.74
PPI_건고추,201606,57.93
PPI_건고추,201607,56.78
PPI_건고추,201608,50.58
PPI_건고추,201609,56.11
PPI_건고추,201610,52.14
PPI_건고추,201611,51.7
PPI_건고추,201612,51.75
PPI_건고추,201701,49.4
PPI_건고추,201702,48.72
PPI_건고추,201703,49.18
PPI_건고추,201704,49.27
PPI_건고추,201705,49.32
PPI_건고추,201706,51.69
PPI_건고추,201707,55.06
PPI_건고추,201708,57.37
PPI_건고추,201709,107.03
PPI_건고추,201710,118.38
PPI_건고추,201711,113.02
PPI_건고추,201712,109.17
PPI_건고추,201801,105.01
PPI_건고추,201802,104.75
PPI_건고추,201803,104.5
PPI_건고추,201804,104.95
PPI_건고추,201805,104.95
PPI_건고추,201806,106.14
PPI_건고추,201807,105.91
PPI_건고추,201808,107.17
PPI_건고추,201809,123.13
PPI_건고추,201810,107.17
PPI_건고추,201811,105.74
PPI_건고추,201812,106.4
PPI_건고추,201901,105.47
PPI_건고추,201902,104.57
PPI_건고추,201903,104.79
PPI_건고추,201904,104.29
PPI_건고추,201905,104.17
PPI_건고추,201906,102.85
PPI_건고추,201907,100.98
PPI_건고추,201908,92.89
PPI_건고추,201909,85.11
PPI_건고추,201910,82.37
PPI_건고추,201911,82.47
PPI_건고추,201912,82.59
PPI_건고추,202001,74.19
PPI_건고추,202002,73.28
PPI_건고추,202003,73.47
PPI_건고추,202004,73.95
PPI_건고추,202005,74.06
PPI_건고추,202006,76.34
PPI_건고추,202007,77.02
PPI_건고추,202008,99.26
PPI_건고추,202009,149.44
PPI_건고추,202010,143.02
PPI_건고추,202011,143.73
PPI_건고추,202012,142.22
PPI_건고추,202101,140.8
PPI_건고추,202102,140.69
PPI_건고추,202103,139.98
PPI_건고추,202104,140.42
PPI_건고추,202105,140.42
PPI_건고추,202106,140.6
PPI_건고추,202107,140.76
PPI_건고추,202108,119.47
PPI_건고추,202109,103.47
PPI_건고추,202110,101.55
PPI_건고추,202111,101.26
PPI_건고추,202112,101.59
PPI_건고추,202201,101.34
PPI_건고추,202202,99.97
PPI_건고추,202203,99.88
PPI_건고추,202204,99.88
PPI_건고추,202205,99.68
PPI_건고추,202206,99.47
PPI_건고추,202207,100.18
PPI_건고추,202208,100.72
PPI_건고추,202209,115.59
PPI_건고추,202210,113.84
PPI_건고추,202211,110.44
PPI_건고추,202212,109.02
PPI_건고추,202301,108.88
PPI_건고추,202302,108.88
PPI_건고추,202303,108.82
PPI_건고추,202304,108.73
PPI_건고추,202305,108.78
PPI_건고추,202306,108.95
PPI_건고추,202307,109.27
PPI_건고추,202308,109.84
PPI_건고추,202309,111.43
PPI_건고추,202310,112.67
PPI_건고추,202311,113.28
PPI_건고추,202312,113.21
PPI_건고추,202401,113.01
PPI_건고추,202402,111.5
PPI_건고추,202403,111.42
PPI_건고추,202404,111.39
PPI_건고추,202405,111.58
PPI_건고추,202406,111.95
PPI_건고추,202407,112.06
PPI_건고추,202408,111.58
PPI_건고추,202409,111.5
PPI_건고추,202410,110.69
PPI_건고추,202411,110.27
PPI_건고추,202412,110.14
PPI_건고추,202501,110.25
PPI_건고추,202502,110.29
PPI_건고추,202503,110.96
PPI_건고추,202504,110.79
PPI_건고추,202505,110.65
PPI_건고추,202506,110.38
PPI_건고추,202507,110.33
PPI_건고추,202508,110.38
PPI_건고추,202509,111.66
PPI_건고추,202510,111.76
PPI_건고추,202511,111.47
PPI_건고추,202512,111.44
PPI_건고추,202601,111.19
PPI_건고추,202602,111.19
PPI_건고추,202603,111.22
PPI_건고추,202604,111.3
PPI_건고추,202605,111.25
PPI_건고추,202606,111.22
PPI_건고추,202607,111.28
PPI_건고추,202608,111.43
PPI_고추가루,200101,69.5
PPI_고추가루,200102,69.41
PPI_고추가루,200103,69.32
PPI_고추가루,200104,67.69
PPI_고추가루,200105,67.69
PPI_고추가루,200106,67.76
PPI_고추가루,200107,70.78
PPI_고추가루,200108,70.7
PPI_고추가루,200109,74.32
PPI_고추가루,200110,79.91
PPI_고추가루,200111,79.75
PPI_고추가루,200112,79.75
PPI_고추가루,200201,72
PPI_고추가루,200202,72.08
PPI_고추가루,200203,72.08
PPI_고추가루,200204,71.04
PPI_고추가루,200205,71.04
PPI_고추가루,200206,71.13
PPI_고추가루,200207,70.7
PPI_고추가루,200208,71.04
PPI_고추가루,200209,71.13
PPI_고추가루,200210,67.51
PPI_고추가루,200211,67.43
PPI_고추가루,200212,65.36
PPI_고추가루,200301,64.67
PPI_고추가루,200302,65.1
PPI_고추가루,200303,65.27
PPI_고추가루,200304,64.76
PPI_고추가루,200305,64.67
PPI_고추가루,200306,64.67
PPI_고추가루,200307,64.67
PPI_고추가루,200308,71.9
PPI_고추가루,200309,76.81
PPI_고추가루,200310,86.2
PPI_고추가루,200311,86.2
PPI_고추가루,200312,86.2
PPI_고추가루,200401,89.74
PPI_고추가루,200402,89.74
PPI_고추가루,200403,89.74
PPI_고추가루,200404,89.74
PPI_고추가루,200405,89.74
PPI_고추가루,200406,89.74
PPI_고추가루,200407,89.74
PPI_고추가루,200408,89.74
PPI_고추가루,200409,89.74
PPI_고추가루,200410,89.74
PPI_고추가루,200411,88.44
PPI_고추가루,200412,88.44
PPI_고추가루,200501,88.53
PPI_고추가루,200502,88.53
PPI_고추가루,200503,88.53
PPI_고추가루,200504,86.46
PPI_고추가루,200505,86.46
PPI_고추가루,200506,86.46
PPI_고추가루,200507,86.46
PPI_고추가루,200508,86.46
PPI_고추가루,200509,86.46
PPI_고추가루,200510,82.93
PPI_고추가루,200511,82.93
PPI_고추가루,200512,82.93
PPI_고추가루,200601,82.93
PPI_고추가루,200602,82.76
PPI_고추가루,200603,82.76
PPI_고추가루,200604,82.76
PPI_고추가루,200605,82.76
PPI_고추가루,200606,82.76
PPI_고추가루,200607,82.76
PPI_고추가루,200608,82.76
PPI_고추가루,200609,88.44
PPI_고추가루,200610,88.44
PPI_고추가루,200611,94.54
PPI_고추가루,200612,94.54
PPI_고추가루,200701,94.54
PPI_고추가루,200702,94.54
PPI_고추가루,200703,94.54
PPI_고추가루,200704,94.54
PPI_고추가루,200705,94.54
PPI_고추가루,200706,94.54
PPI_고추가루,200707,94.54
PPI_고추가루,200708,94.54
PPI_고추가루,200709,90.16
PPI_고추가루,200710,90.16
PPI_고추가루,200711,90.16
PPI_고추가루,200712,90.16
PPI_고추가루,200801,90.16
PPI_고추가루,200802,90.16
PPI_고추가루,200803,90.16
PPI_고추가루,200804,90.16
PPI_고추가루,200805,90.16
PPI_고추가루,200806,90.16
PPI_고추가루,200807,90.16
PPI_고추가루,200808,90.16
PPI_고추가루,200809,90.16
PPI_고추가루,200810,96.71
PPI_고추가루,200811,96.71
PPI_고추가루,200812,96.71
PPI_고추가루,200901,96.71
PPI_고추가루,200902,96.71
PPI_고추가루,200903,96.71
PPI_고추가루,200904,96.71
PPI_고추가루,200905,96.71
PPI_고추가루,200906,96.71
PPI_고추가루,200907,96.71
PPI_고추가루,200908,96.71
PPI_고추가루,200909,98.95
PPI_고추가루,200910,98.95
PPI_고추가루,200911,98.95
PPI_고추가루,200912,98.95
PPI_고추가루,201001,98.95
PPI_고추가루,201002,98.95
PPI_고추가루,201003,98.95
PPI_고추가루,201004,98.95
PPI_고추가루,201005,98.95
PPI_고추가루,201006,98.95
PPI_고추가루,201007,98.95
PPI_고추가루,201008,98.95
PPI_고추가루,201009,98.95
PPI_고추가루,201010,101.07
PPI_고추가루,201011,101.07
PPI_고추가루,201012,101.07
PPI_고추가루,201101,103.16
PPI_고추가루,201102,103.16
PPI_고추가루,201103,103.16
PPI_고추가루,201104,103.16
PPI_고추가루,201105,103.16
PPI_고추가루,201106,103.16
PPI_고추가루,201107,103.16
PPI_고추가루,201108,103.16
PPI_고추가루,201109,103.16
PPI_고추가루,201110,139.93
PPI_고추가루,201111,139.93
PPI_고추가루,201112,139.97
PPI_고추가루,201201,139.97
PPI_고추가루,201202,139.97
PPI_고추가루,201203,135.15
PPI_고추가루,201204,135.15
PPI_고추가루,201205,135.15
PPI_고추가루,201206,123.46
PPI_고추가루,201207,123.46
PPI_고추가루,201208,123.46
PPI_고추가루,201209,123.46
PPI_고추가루,201210,123.46
PPI_고추가루,201211,123.46
PPI_고추가루,201212,106.39
PPI_고추가루,201301,106.39
PPI_고추가루,201302,103.43
PPI_고추가루,201303,103.43
PPI_고추가루,201304,103.43
PPI_고추가루,201305,103.43
PPI_고추가루,201306,103.43
PPI_고추가루,201307,103.43
PPI_고추가루,201308,100.42
PPI_고추가루,201309,100.42
PPI_고추가루,201310,100.42
PPI_고추가루,201311,100.42
PPI_고추가루,201312,100.42
PPI_고추가루,201401,100.42
PPI_고추가루,201402,100.42
PPI_고추가루,201403,100.42
PPI_고추가루,201404,100.42
PPI_고추가루,201405,100.42
PPI_고추가루,201406,100.42
PPI_고추가루,201407,100.42
PPI_고추가루,201408,100.42
PPI_고추가루,201409,100.42
PPI_고추가루,201410,100.42
PPI_고추가루,201411,100.42
PPI_고추가루,201412,100.42
PPI_고추가루,201501,101.55
PPI_고추가루,201502,101.55
PPI_고추가루,201503,101.55
PPI_고추가루,201504,102.49
PPI_고추가루,201505,102.49
PPI_고추가루,201506,102.49
PPI_고추가루,201507,102.49
PPI_고추가루,201508,102.49
PPI_고추가루,201509,102.49
PPI_고추가루,201510,102.49
PPI_고추가루,201511,102.49
PPI_고추가루,201512,102.49
PPI_고추가루,201601,102.49
PPI_고추가루,201602,102.49
PPI_고추가루,201603,102.49
PPI_고추가루,201604,102.49
PPI_고추가루,201605,102.49
PPI_고추가루,201606,102.49
PPI_고추가루,201607,87.86
PPI_고추가루,201608,87.86
PPI_고추가루,201609,84.41
PPI_고추가루,201610,81.78
PPI_고추가루,201611,81.78
PPI_고추가루,201612,81.78
PPI_고추가루,201701,79.08
PPI_고추가루,201702,79.08
PPI_고추가루,201703,79.08
PPI_고추가루,201704,79.08
PPI_고추가루,201705,79.08
PPI_고추가루,201706,79.08
PPI_고추가루,201707,79.08
PPI_고추가루,201708,79.08
PPI_고추가루,201709,79.08
PPI_고추가루,201710,129.15
PPI_고추가루,201711,129.15
PPI_고추가루,201712,129.15
PPI_고추가루,201801,129.15
PPI_고추가루,201802,129.15
PPI_고추가루,201803,129.15
PPI_고추가루,201804,129.15
PPI_고추가루,201805,123.18
PPI_고추가루,201806,123.18
PPI_고추가루,201807,131.55
PPI_고추가루,201808,131.55
PPI_고추가루,201809,131.55
PPI_고추가루,201810,121.88
PPI_고추가루,201811,121.88
PPI_고추가루,201812,121.88
PPI_고추가루,201901,121.88
PPI_고추가루,201902,121.88
PPI_고추가루,201903,121.88
PPI_고추가루,201904,121.88
PPI_고추가루,201905,121.88
PPI_고추가루,201906,121.88
PPI_고추가루,201907,121.88
PPI_고추가루,201908,121.88
PPI_고추가루,201909,121.88
PPI_고추가루,201910,103.59
PPI_고추가루,201911,103.59
PPI_고추가루,201912,103.59
PPI_고추가루,202001,101.94
PPI_고추가루,202002,94.33
PPI_고추가루,202003,94.33
PPI_고추가루,202004,94.33
PPI_고추가루,202005,94.33
PPI_고추가루,202006,94.33
PPI_고추가루,202007,90.88
PPI_고추가루,202008,90.88
PPI_고추가루,202009,90.88
PPI_고추가루,202010,117.93
PPI_고추가루,202011,117.93
PPI_고추가루,202012,117.93
PPI_고추가루,202101,139.3
PPI_고추가루,202102,139.3
PPI_고추가루,202103,139.3
PPI_고추가루,202104,137.38
PPI_고추가루,202105,137.38
PPI_고추가루,202106,137.38
PPI_고추가루,202107,134.6
PPI_고추가루,202108,134.6
PPI_고추가루,202109,134.6
PPI_고추가루,202110,121.56
PPI_고추가루,202111,121.56
PPI_고추가루,202112,121.56
PPI_고추가루,202201,118.68
PPI_고추가루,202202,118.68
PPI_고추가루,202203,118.68
PPI_고추가루,202204,120.03
PPI_고추가루,202205,120.03
PPI_고추가루,202206,120.03
PPI_고추가루,202207,120.03
PPI_고추가루,202208,120.03
PPI_고추가루,202209,120.03
PPI_고추가루,202210,133.08
PPI_고추가루,202211,133.08
PPI_고추가루,202212,133.08
PPI_고추가루,202301,133.08
PPI_고추가루,202302,133.08
PPI_고추가루,202303,133.08
PPI_고추가루,202304,133.08
PPI_고추가루,202305,133.08
PPI_고추가루,202306,133.08
PPI_고추가루,202307,133.08
PPI_고추가루,202308,133.08
PPI_고추가루,202309,133.08
PPI_고추가루,202310,136.51
PPI_고추가루,202311,136.51
PPI_고추가루,202312,136.51
PPI_고추가루,202401,152.96
PPI_고추가루,202402,152.96
PPI_고추가루,202403,152.96
PPI_고추가루,202404,152.96
PPI_고추가루,202405,152.96
PPI_고추가루,202406,152.96
PPI_고추가루,202407,156.07
PPI_고추가루,202408,156.07
PPI_고추가루,202409,156.07
PPI_고추가루,202410,156.07
PPI_고추가루,202411,156.07
PPI_고추가루,202412,156.07
PPI_고추가루,202501,155.65
PPI_고추가루,202502,155.65
PPI_고추가루,202503,155.65
PPI_고추가루,202504,155.65
PPI_고추가루,202505,155.65
PPI_고추가루,202506,155.65
PPI_고추가루,202507,155.65
PPI_고추가루,202508,155.65
PPI_고추가루,202509,155.65
PPI_고추가루,202510,155.65
PPI_고추가루,202511,155.65
PPI_고추가루,202512,155.65
PPI_고추가루,202601,154.14
PPI_고추가루,202602,154.14
PPI_고추가루,202603,154.14
PPI_고추가루,202604,154.14
PPI_고추가루,202605,154.14
PPI_고추가루,202606,154.14
PPI_고추가루,202607,154.14
PPI_고추가루,202608,154.14
PPI_고추장,200101,39.75
PPI_고추장,200102,39.75
PPI_고추장,200103,39.75
PPI_고추장,200104,40.41
PPI_고추장,200105,46.47
PPI_고추장,200106,46.47
PPI_고추장,200107,46.47
PPI_고추장,200108,46.47
PPI_고추장,200109,46.47
PPI_고추장,200110,46.47
PPI_고추장,200111,46.47
PPI_고추장,200112,46.47
PPI_고추장,200201,46.47
PPI_고추장,200202,46.47
PPI_고추장,200203,46.47
PPI_고추장,200204,46.47
PPI_고추장,200205,46.47
PPI_고추장,200206,46.47
PPI_고추장,200207,46.47
PPI_고추장,200208,46.47
PPI_고추장,200209,46.47
PPI_고추장,200210,46.47
PPI_고추장,200211,46.47
PPI_고추장,200212,46.47
PPI_고추장,200301,46.47
PPI_고추장,200302,49.03
PPI_고추장,200303,49.83
PPI_고추장,200304,49.83
PPI_고추장,200305,49.83
PPI_고추장,200306,49.83
PPI_고추장,200307,50.69
PPI_고추장,200308,50.69
PPI_고추장,200309,50.69
PPI_고추장,200310,50.69
PPI_고추장,200311,50.69
PPI_고추장,200312,50.69
PPI_고추장,200401,50.69
PPI_고추장,200402,50.69
PPI_고추장,200403,54.3
PPI_고추장,200404,61.14
PPI_고추장,200405,61.14
PPI_고추장,200406,61.14
PPI_고추장,200407,61.14
PPI_고추장,200408,61.14
PPI_고추장,200409,61.14
PPI_고추장,200410,61.14
PPI_고추장,200411,61.14
PPI_고추장,200412,61.14
PPI_고추장,200501,61.14
PPI_고추장,200502,61.14
PPI_고추장,200503,61.14
PPI_고추장,200504,61.14
PPI_고추장,200505,61.14
PPI_고추장,200506,61.14
PPI_고추장,200507,61.14
PPI_고추장,200508,61.14
PPI_고추장,200509,61.14
PPI_고추장,200510,61.14
PPI_고추장,200511,61.14
PPI_고추장,200512,61.14
PPI_고추장,200601,61.14
PPI_고추장,200602,61.14
PPI_고추장,200603,61.14
PPI_고추장,200604,61.14
PPI_고추장,200605,61.14
PPI_고추장,200606,61.14
PPI_고추장,200607,61.14
PPI_고추장,200608,61.14
PPI_고추장,200609,61.14
PPI_고추장,200610,61.14
PPI_고추장,200611,61.14
PPI_고추장,200612,61.14
PPI_고추장,200701,61.14
PPI_고추장,200702,61.14
PPI_고추장,200703,64.81
PPI_고추장,200704,65.18
PPI_고추장,200705,65.18
PPI_고추장,200706,65.18
PPI_고추장,200707,65.18
PPI_고추장,200708,65.18
PPI_고추장,200709,65.18
PPI_고추장,200710,65.24
PPI_고추장,200711,65.24
PPI_고추장,200712,65.24
PPI_고추장,200801,65.24
PPI_고추장,200802,65.24
PPI_고추장,200803,65.24
PPI_고추장,200804,68.91
PPI_고추장,200805,68.91
PPI_고추장,200806,68.91
PPI_고추장,200807,68.91
PPI_고추장,200808,68.91
PPI_고추장,200809,68.91
PPI_고추장,200810,68.91
PPI_고추장,200811,72.4
PPI_고추장,200812,75.94
PPI_고추장,200901,75.94
PPI_고추장,200902,75.94
PPI_고추장,200903,75.94
PPI_고추장,200904,75.94
PPI_고추장,200905,75.94
PPI_고추장,200906,75.94
PPI_고추장,200907,75.94
PPI_고추장,200908,73.68
PPI_고추장,200909,73.68
PPI_고추장,200910,73.68
PPI_고추장,200911,73.68
PPI_고추장,200912,73.68
PPI_고추장,201001,75.42
PPI_고추장,201002,75.42
PPI_고추장,201003,75.42
PPI_고추장,201004,75.42
PPI_고추장,201005,75.42
PPI_고추장,201006,75.42
PPI_고추장,201007,77.32
PPI_고추장,201008,77.32
PPI_고추장,201009,77.32
PPI_고추장,201010,77.32
PPI_고추장,201011,77.32
PPI_고추장,201012,77.32
PPI_고추장,201101,82.76
PPI_고추장,201102,82.76
PPI_고추장,201103,82.76
PPI_고추장,201104,82.76
PPI_고추장,201105,82.76
PPI_고추장,201106,82.76
PPI_고추장,201107,84.91
PPI_고추장,201108,86.25
PPI_고추장,201109,86.25
PPI_고추장,201110,86.25
PPI_고추장,201111,89.05
PPI_고추장,201112,92.47
PPI_고추장,201201,92.47
PPI_고추장,201202,92.47
PPI_고추장,201203,92.47
PPI_고추장,201204,92.47
PPI_고추장,201205,92.47
PPI_고추장,201206,92.47
PPI_고추장,201207,92.47
PPI_고추장,201208,92.47
PPI_고추장,201209,92.47
PPI_고추장,201210,92.47
PPI_고추장,201211,92.47
PPI_고추장,201212,92.47
PPI_고추장,201301,94.46
PPI_고추장,201302,97.29
PPI_고추장,201303,97.29
PPI_고추장,201304,97.29
PPI_고추장,201305,98.88
PPI_고추장,201306,98.88
PPI_고추장,201307,98.88
PPI_고추장,201308,98.88
PPI_고추장,201309,98.88
PPI_고추장,201310,98.88
PPI_고추장,201311,98.88
PPI_고추장,201312,98.88
PPI_고추장,201401,98.88
PPI_고추장,201402,98.88
PPI_고추장,201403,98.88
PPI_고추장,201404,98.88
PPI_고추장,201405,98.88
PPI_고추장,201406,98.88
PPI_고추장,201407,98.88
PPI_고추장,201408,98.88
PPI_고추장,201409,98.88
PPI_고추장,201410,98.88
PPI_고추장,201411,98.88
PPI_고추장,201412,98.88
PPI_고추장,201501,98.88
PPI_고추장,201502,98.88
PPI_고추장,201503,98.88
PPI_고추장,201504,98.88
PPI_고추장,201505,98.88
PPI_고추장,201506,98.88
PPI_고추장,201507,100.6
PPI_고추장,201508,100.6
PPI_고추장,201509,100.6
PPI_고추장,201510,100.6
PPI_고추장,201511,100.6
PPI_고추장,201512,100.6
PPI_고추장,201601,100.6
PPI_고추장,201602,100.6
PPI_고추장,201603,100.6
PPI_고추장,201604,100.6
PPI_고추장,201605,100.6
PPI_고추장,201606,100.6
PPI_고추장,201607,100.6
PPI_고추장,201608,100.6
PPI_고추장,201609,100.6
PPI_고추장,201610,100.6
PPI_고추장,201611,100.6
PPI_고추장,201612,100.6
PPI_고추장,201701,100.6
PPI_고추장,201702,100.6
PPI_고추장,201703,100.6
PPI_고추장,201704,100.6
PPI_고추장,201705,100.6
PPI_고추장,201706,100.6
PPI_고추장,201707,100.6
PPI_고추장,201708,100.6
PPI_고추장,201709,100.6
PPI_고추장,201710,100.6
PPI_고추장,201711,100.6
PPI_고추장,201712,100.6
PPI_고추장,201801,100.6
PPI_고추장,201802,100.6
PPI_고추장,201803,100.6
PPI_고추장,201804,100.6
PPI_고추장,201805,100.6
PPI_고추장,201806,100.6
PPI_고추장,201807,100.6
PPI_고추장,201808,100.6
PPI_고추장,201809,100.6
PPI_고추장,201810,100.6
PPI_고추장,201811,100.6
PPI_고추장,201812,100.6
PPI_고추장,201901,100.6
PPI_고추장,201902,100.6
PPI_고추장,201903,100.6
PPI_고추장,201904,100
PPI_고추장,201905,100
PPI_고추장,201906,100
PPI_고추장,201907,100
PPI_고추장,201908,100
PPI_고추장,201909,100
PPI_고추장,201910,100
PPI_고추장,201911,100
PPI_고추장,201912,100
PPI_고추장,202001,100
PPI_고추장,202002,100
PPI_고추장,202003,100
PPI_고추장,202004,100
PPI_고추장,202005,100
PPI_고추장,202006,100
PPI_고추장,202007,100
PPI_고추장,202008,100
PPI_고추장,202009,100
PPI_고추장,202010,100
PPI_고추장,202011,100
PPI_고추장,202012,100
PPI_고추장,202101,100
PPI_고추장,202102,100
PPI_고추장,202103,100
PPI_고추장,202104,105.39
PPI_고추장,202105,105.39
PPI_고추장,202106,105.39
PPI_고추장,202107,105.39
PPI_고추장,202108,105.39
PPI_고추장,202109,105.39
PPI_고추장,202110,105.39
PPI_고추장,202111,105.39
PPI_고추장,202112,105.39
PPI_고추장,202201,105.39
PPI_고추장,202202,105.39
PPI_고추장,202203,105.39
PPI_고추장,202204,108.64
PPI_고추장,202205,108.64
PPI_고추장,202206,108.14
PPI_고추장,202207,108.14
PPI_고추장,202208,108.14
PPI_고추장,202209,108.14
PPI_고추장,202210,112.05
PPI_고추장,202211,112.05
PPI_고추장,202212,112.05
PPI_고추장,202301,114.15
PPI_고추장,202302,114.15
PPI_고추장,202303,114.15
PPI_고추장,202304,114.15
PPI_고추장,202305,114.15
PPI_고추장,202306,114.15
PPI_고추장,202307,118.72
PPI_고추장,202308,118.72
PPI_고추장,202309,118.72
PPI_고추장,202310,118.72
PPI_고추장,202311,118.72
PPI_고추장,202312,118.72
PPI_고추장,202401,119.74
PPI_고추장,202402,119.74
PPI_고추장,202403,119.74
PPI_고추장,202404,119.74
PPI_고추장,202405,119.74
PPI_고추장,202406,119.74
PPI_고추장,202407,119.74
PPI_고추장,202408,119.74
PPI_고추장,202409,119.74
PPI_고추장,202410,119.74
PPI_고추장,202411,119.74
PPI_고추장,202412,119.74
PPI_고추장,202501,119.74
PPI_고추장,202502,119.74
PPI_고추장,202503,119.74
PPI_고추장,202504,119.74
PPI_고추장,202505,119.74
PPI_고추장,202506,119.74
PPI_고추장,202507,122.98
PPI_고추장,202508,122.98
PPI_고추장,202509,122.98
PPI_고추장,202510,122.98
PPI_고추장,202511,122.98
PPI_고추장,202512,122.98
PPI_고추장,202601,122.98
PPI_고추장,202602,122.98
PPI_고추장,202603,122.98
PPI_고추장,202604,122.98
PPI_고추장,202605,122.98
PPI_고추장,202606,122.98
PPI_고추장,202607,122.98
PPI_고추장,202608,122.98
