region,item,year,val
전국,건고추_면적,2000,74471
전국,건고추_면적,2001,70736
전국,건고추_면적,2002,72104
전국,건고추_면적,2003,57502
전국,건고추_면적,2004,61894
전국,건고추_면적,2005,61299
전국,건고추_면적,2006,53097
전국,건고추_면적,2007,54876
전국,건고추_면적,2008,48825
전국,건고추_면적,2009,44817
전국,건고추_면적,2010,44584
전국,건고추_면적,2011,42574
전국,건고추_면적,2012,45459
전국,건고추_면적,2013,45360
전국,건고추_면적,2014,36120
전국,건고추_면적,2015,34514
전국,건고추_면적,2016,32181
전국,건고추_면적,2017,28336.6613
전국,건고추_면적,2018,28823.7096
전국,건고추_면적,2019,31643.8791
전국,건고추_면적,2020,31146.147
전국,건고추_면적,2021,33373.2785
전국,건고추_면적,2022,29769.5949
전국,건고추_면적,2023,27131.6129
전국,건고추_면적,2024,26430.1325
전국,건고추_면적,2025,25743.2736
전국,건고추_면적,2026,-
전국,건고추_단수,2000,260
전국,건고추_단수,2001,255
전국,건고추_단수,2002,267
전국,건고추_단수,2003,230
전국,건고추_단수,2004,250
전국,건고추_단수,2005,263
전국,건고추_단수,2006,220
전국,건고추_단수,2007,292.29124
전국,건고추_단수,2008,252.9626
전국,건고추_단수,2009,261.78533
전국,건고추_단수,2010,214
전국,건고추_단수,2011,181.11952
전국,건고추_단수,2012,229.09822
전국,건고추_단수,2013,259.73503
전국,건고추_단수,2014,235.51449
전국,건고추_단수,2015,283.06432
전국,건고추_단수,2016,265.55682
전국,건고추_단수,2017,196.61509
전국,건고추_단수,2018,248.0922
전국,건고추_단수,2019,247.87538
전국,건고추_단수,2020,192.8843
전국,건고추_단수,2021,277.939
전국,건고추_단수,2022,231.7253
전국,건고추_단수,2023,227.281
전국,건고추_단수,2024,257.5635
전국,건고추_단수,2025,238.7002
전국,건고추_단수,2026,-
전국,건고추_생산량,2000,193786
전국,건고추_생산량,2001,180120
전국,건고추_생산량,2002,192753
전국,건고추_생산량,2003,132010
전국,건고추_생산량,2004,154962
전국,건고추_생산량,2005,161380
전국,건고추_생산량,2006,116914
전국,건고추_생산량,2007,160397.73948
전국,건고추_생산량,2008,123509.00139
전국,건고추_생산량,2009,117324.32931
전국,건고추_생산량,2010,95391
전국,건고추_생산량,2011,77109.82388
전국,건고추_생산량,2012,104145.76134
전국,건고추_생산량,2013,117815.80759
전국,건고추_생산량,2014,85067.83199
전국,건고추_생산량,2015,97696.81995
전국,건고추_생산량,2016,85458.84
전국,건고추_생산량,2017,55714.151
전국,건고추_생산량,2018,71509.37641
전국,건고추_생산량,2019,78437.38657
전국,건고추_생산량,2020,60076.0211
전국,건고추_생산량,2021,92757.363
전국,건고추_생산량,2022,68983.6752
전국,건고추_생산량,2023,61664.9983
전국,건고추_생산량,2024,68074.3772
전국,건고추_생산량,2025,61449.2485
전국,건고추_생산량,2026,-
전국,풋고추_면적,2000,5659
전국,풋고추_면적,2001,5517
전국,풋고추_면적,2002,4620
전국,풋고추_면적,2003,5648
전국,풋고추_면적,2004,6485
전국,풋고추_면적,2005,5724
전국,풋고추_면적,2006,5606
전국,풋고추_면적,2007,5966
전국,풋고추_면적,2008,6060
전국,풋고추_면적,2009,5704
전국,풋고추_면적,2010,5392
전국,풋고추_면적,2011,4814
전국,풋고추_면적,2012,4995
전국,풋고추_면적,2013,4851
전국,풋고추_면적,2014,4619
전국,풋고추_면적,2015,4878
전국,풋고추_면적,2016,4455
전국,풋고추_면적,2017,4528.5555
전국,풋고추_면적,2018,4805.8079
전국,풋고추_면적,2019,4255.7224
전국,풋고추_면적,2020,4386.8518
전국,풋고추_면적,2021,4387.9847
전국,풋고추_면적,2022,3757.5597
전국,풋고추_면적,2023,3796.0773
전국,풋고추_면적,2024,3717.1479
전국,풋고추_면적,2025,-
전국,풋고추_면적,2026,-
전국,풋고추_생산량,2000,197512
전국,풋고추_생산량,2001,231630
전국,풋고추_생산량,2002,188403
전국,풋고추_생산량,2003,218164
전국,풋고추_생산량,2004,255319
전국,풋고추_생산량,2005,233913
전국,풋고추_생산량,2006,236052
전국,풋고추_생산량,2007,253738
전국,풋고추_생산량,2008,262254
전국,풋고추_생산량,2009,233112
전국,풋고추_생산량,2010,215071
전국,풋고추_생산량,2011,185147
전국,풋고추_생산량,2012,197869
전국,풋고추_생산량,2013,181069
전국,풋고추_생산량,2014,185915
전국,풋고추_생산량,2015,175574
전국,풋고추_생산량,2016,169199
전국,풋고추_생산량,2017,186232
전국,풋고추_생산량,2018,193745
전국,풋고추_생산량,2019,175843
전국,풋고추_생산량,2020,183348
전국,풋고추_생산량,2021,168375
전국,풋고추_생산량,2022,146066
전국,풋고추_생산량,2023,144748
전국,풋고추_생산량,2024,142929
전국,풋고추_생산량,2025,-
전국,풋고추_생산량,2026,-
강원,건고추_면적,2000,5164
강원,건고추_면적,2001,5019
강원,건고추_면적,2002,4795
강원,건고추_면적,2003,3736
강원,건고추_면적,2004,3639
강원,건고추_면적,2005,3873
강원,건고추_면적,2006,3346
강원,건고추_면적,2007,3522
강원,건고추_면적,2008,3378
강원,건고추_면적,2009,2959
강원,건고추_면적,2010,3325
강원,건고추_면적,2011,3016
강원,건고추_면적,2012,2994
강원,건고추_면적,2013,3063
강원,건고추_면적,2014,2674
강원,건고추_면적,2015,2780
강원,건고추_면적,2016,2076
강원,건고추_면적,2017,2063.8709
강원,건고추_면적,2018,2113.1957
강원,건고추_면적,2019,2556.9209
강원,건고추_면적,2020,2251.1825
강원,건고추_면적,2021,2401.4743
강원,건고추_면적,2022,2154.6951
강원,건고추_면적,2023,2165.7663
강원,건고추_면적,2024,2047.8161
강원,건고추_면적,2025,2048.7701
강원,건고추_면적,2026,-
강원,건고추_단수,2000,234
강원,건고추_단수,2001,232
강원,건고추_단수,2002,249
강원,건고추_단수,2003,261
강원,건고추_단수,2004,209
강원,건고추_단수,2005,255
강원,건고추_단수,2006,232
강원,건고추_단수,2007,261.22072
강원,건고추_단수,2008,229.8993
강원,건고추_단수,2009,252.67152
강원,건고추_단수,2010,211.99599
강원,건고추_단수,2011,125.64454
강원,건고추_단수,2012,205.55598
강원,건고추_단수,2013,194.93597
강원,건고추_단수,2014,241.70889
강원,건고추_단수,2015,252.12074
강원,건고추_단수,2016,224.03661
강원,건고추_단수,2017,179.88626
강원,건고추_단수,2018,231.40415
강원,건고추_단수,2019,226.47159
강원,건고추_단수,2020,203.3734
강원,건고추_단수,2021,309.4037
강원,건고추_단수,2022,230.9633
강원,건고추_단수,2023,267.0902
강원,건고추_단수,2024,255.4417
강원,건고추_단수,2025,235.9333
강원,건고추_단수,2026,-
강원,건고추_생산량,2000,12061
강원,건고추_생산량,2001,11652
강원,건고추_생산량,2002,11959
강원,건고추_생산량,2003,9758
강원,건고추_생산량,2004,7618
강원,건고추_생산량,2005,9877
강원,건고추_생산량,2006,7773
강원,건고추_생산량,2007,9200.19386
강원,건고추_생산량,2008,7765.93946
강원,건고추_생산량,2009,7476.55013
강원,건고추_생산량,2010,7048.86656
강원,건고추_생산량,2011,3789.43947
강원,건고추_생산량,2012,6154.34604
강원,건고추_생산량,2013,5970.88878
강원,건고추_생산량,2014,6463.29571
강원,건고추_생산량,2015,7008.95654
강원,건고추_생산량,2016,4651
강원,건고추_생산량,2017,3712.62016
강원,건고추_생산량,2018,4890.02263
강원,건고추_생산량,2019,5790.69933
강원,건고추_생산량,2020,4578.3062
강원,건고추_생산량,2021,7430.2513
강원,건고추_생산량,2022,4976.5559
강원,건고추_생산량,2023,5784.5485
강원,건고추_생산량,2024,5230.9758
강원,건고추_생산량,2025,4833.73
강원,건고추_생산량,2026,-
강원,풋고추_면적,2000,234
강원,풋고추_면적,2001,211
강원,풋고추_면적,2002,329
강원,풋고추_면적,2003,475
강원,풋고추_면적,2004,709
강원,풋고추_면적,2005,822
강원,풋고추_면적,2006,636
강원,풋고추_면적,2007,895
강원,풋고추_면적,2008,792
강원,풋고추_면적,2009,869
강원,풋고추_면적,2010,755
강원,풋고추_면적,2011,703
강원,풋고추_면적,2012,902
강원,풋고추_면적,2013,854
강원,풋고추_면적,2014,841
강원,풋고추_면적,2015,897
강원,풋고추_면적,2016,1016
강원,풋고추_면적,2017,874.545
강원,풋고추_면적,2018,956.1305
강원,풋고추_면적,2019,959.4066
강원,풋고추_면적,2020,812.3782
강원,풋고추_면적,2021,1038.6507
강원,풋고추_면적,2022,879.7929
강원,풋고추_면적,2023,961.0615
강원,풋고추_면적,2024,980.8231
강원,풋고추_면적,2025,-
강원,풋고추_면적,2026,-
강원,풋고추_생산량,2000,7275
강원,풋고추_생산량,2001,7041
강원,풋고추_생산량,2002,10952
강원,풋고추_생산량,2003,13561
강원,풋고추_생산량,2004,22830
강원,풋고추_생산량,2005,27948
강원,풋고추_생산량,2006,23379
강원,풋고추_생산량,2007,38270
강원,풋고추_생산량,2008,33517
강원,풋고추_생산량,2009,36602
강원,풋고추_생산량,2010,30283
강원,풋고추_생산량,2011,24746
강원,풋고추_생산량,2012,32643
강원,풋고추_생산량,2013,33716
강원,풋고추_생산량,2014,26138
강원,풋고추_생산량,2015,26973
강원,풋고추_생산량,2016,35316
강원,풋고추_생산량,2017,30163
강원,풋고추_생산량,2018,28445
강원,풋고추_생산량,2019,31373
강원,풋고추_생산량,2020,26467
강원,풋고추_생산량,2021,33694
강원,풋고추_생산량,2022,27828
강원,풋고추_생산량,2023,31071
강원,풋고추_생산량,2024,31565
강원,풋고추_생산량,2025,-
강원,풋고추_생산량,2026,-
전북,건고추_면적,2000,9498
전북,건고추_면적,2001,8858
전북,건고추_면적,2002,8945
전북,건고추_면적,2003,7167
전북,건고추_면적,2004,7700
전북,건고추_면적,2005,7389
전북,건고추_면적,2006,6722
전북,건고추_면적,2007,6839
전북,건고추_면적,2008,5895
전북,건고추_면적,2009,5479
전북,건고추_면적,2010,5437
전북,건고추_면적,2011,5432
전북,건고추_면적,2012,5587
전북,건고추_면적,2013,5850
전북,건고추_면적,2014,4584
전북,건고추_면적,2015,4324
전북,건고추_면적,2016,4909
전북,건고추_면적,2017,4277.318
전북,건고추_면적,2018,4078.2606
전북,건고추_면적,2019,4836.9378
전북,건고추_면적,2020,4320.0111
전북,건고추_면적,2021,4285.5071
전북,건고추_면적,2022,3585.9852
전북,건고추_면적,2023,3106.4201
전북,건고추_면적,2024,3087.9114
전북,건고추_면적,2025,2863.5906
전북,건고추_면적,2026,-
전북,건고추_단수,2000,265
전북,건고추_단수,2001,274
전북,건고추_단수,2002,275
전북,건고추_단수,2003,215
전북,건고추_단수,2004,234
전북,건고추_단수,2005,264
전북,건고추_단수,2006,207
전북,건고추_단수,2007,280.30931
전북,건고추_단수,2008,234.7922
전북,건고추_단수,2009,225.77562
전북,건고추_단수,2010,197.77673
전북,건고추_단수,2011,202.99846
전북,건고추_단수,2012,224.22327
전북,건고추_단수,2013,239.20091
전북,건고추_단수,2014,234.22897
전북,건고추_단수,2015,310.3744
전북,건고추_단수,2016,283.60155
전북,건고추_단수,2017,196.60639
전북,건고추_단수,2018,252.47015
전북,건고추_단수,2019,261.63676
전북,건고추_단수,2020,175.3007
전북,건고추_단수,2021,274.4467
전북,건고추_단수,2022,260.9845
전북,건고추_단수,2023,239.1515
전북,건고추_단수,2024,282.0528
전북,건고추_단수,2025,230.7097
전북,건고추_단수,2026,-
전북,건고추_생산량,2000,25130
전북,건고추_생산량,2001,24237
전북,건고추_생산량,2002,24630
전북,건고추_생산량,2003,15392
전북,건고추_생산량,2004,18036
전북,건고추_생산량,2005,19477
전북,건고추_생산량,2006,13904
전북,건고추_생산량,2007,19170.35393
전북,건고추_생산량,2008,13841.4664
전북,건고추_생산량,2009,12370.24605
전북,건고추_생산량,2010,10753.12071
전북,건고추_생산량,2011,11026.87627
전북,건고추_생산량,2012,12527.35408
전북,건고추_생산량,2013,13993.25309
전북,건고추_생산량,2014,10737.05607
전북,건고추_생산량,2015,13420.58907
전북,건고추_생산량,2016,13922
전북,건고추_생산량,2017,8409.48039
전북,건고추_생산량,2018,10296.39051
전북,건고추_생산량,2019,12655.20756
전북,건고추_생산량,2020,7573.0095
전북,건고추_생산량,2021,11761.4309
전북,건고추_생산량,2022,9358.8673
전북,건고추_생산량,2023,7429.0506
전북,건고추_생산량,2024,8709.5421
전북,건고추_생산량,2025,6606.5823
전북,건고추_생산량,2026,-
전북,풋고추_면적,2000,235
전북,풋고추_면적,2001,263
전북,풋고추_면적,2002,127
전북,풋고추_면적,2003,295
전북,풋고추_면적,2004,328
전북,풋고추_면적,2005,192
전북,풋고추_면적,2006,135
전북,풋고추_면적,2007,159
전북,풋고추_면적,2008,229
전북,풋고추_면적,2009,94
전북,풋고추_면적,2010,144
전북,풋고추_면적,2011,160
전북,풋고추_면적,2012,43
전북,풋고추_면적,2013,112
전북,풋고추_면적,2014,128
전북,풋고추_면적,2015,183
전북,풋고추_면적,2016,94
전북,풋고추_면적,2017,124.8083
전북,풋고추_면적,2018,128.5565
전북,풋고추_면적,2019,167.4297
전북,풋고추_면적,2020,188.2156
전북,풋고추_면적,2021,47.0178
전북,풋고추_면적,2022,30.5545
전북,풋고추_면적,2023,40.8774
전북,풋고추_면적,2024,42.3164
전북,풋고추_면적,2025,-
전북,풋고추_면적,2026,-
전북,풋고추_생산량,2000,4787
전북,풋고추_생산량,2001,5031
전북,풋고추_생산량,2002,3358
전북,풋고추_생산량,2003,11101
전북,풋고추_생산량,2004,16259
전북,풋고추_생산량,2005,9398
전북,풋고추_생산량,2006,5855
전북,풋고추_생산량,2007,7341
전북,풋고추_생산량,2008,9652
전북,풋고추_생산량,2009,3909
전북,풋고추_생산량,2010,5674
전북,풋고추_생산량,2011,6144
전북,풋고추_생산량,2012,1553
전북,풋고추_생산량,2013,2317
전북,풋고추_생산량,2014,3424
전북,풋고추_생산량,2015,6936
전북,풋고추_생산량,2016,3382
전북,풋고추_생산량,2017,5996
전북,풋고추_생산량,2018,5288
전북,풋고추_생산량,2019,10041
전북,풋고추_생산량,2020,10474
전북,풋고추_생산량,2021,2383
전북,풋고추_생산량,2022,1559
전북,풋고추_생산량,2023,1467
전북,풋고추_생산량,2024,2218
전북,풋고추_생산량,2025,-
전북,풋고추_생산량,2026,-
전남,건고추_면적,2000,9815
전남,건고추_면적,2001,9567
전남,건고추_면적,2002,11069
전남,건고추_면적,2003,8863
전남,건고추_면적,2004,9918
전남,건고추_면적,2005,9852
전남,건고추_면적,2006,8833
전남,건고추_면적,2007,9284
전남,건고추_면적,2008,8305
전남,건고추_면적,2009,7464
전남,건고추_면적,2010,7650
전남,건고추_면적,2011,7265
전남,건고추_면적,2012,8110
전남,건고추_면적,2013,8859
전남,건고추_면적,2014,6792
전남,건고추_면적,2015,6194
전남,건고추_면적,2016,5367
전남,건고추_면적,2017,4421.093
전남,건고추_면적,2018,4455.5221
전남,건고추_면적,2019,4914.1012
전남,건고추_면적,2020,4681.7394
전남,건고추_면적,2021,5067.2296
전남,건고추_면적,2022,4530.7059
전남,건고추_면적,2023,4050.1718
전남,건고추_면적,2024,4093.9858
전남,건고추_면적,2025,3831.9834
전남,건고추_면적,2026,-
전남,건고추_단수,2000,261
전남,건고추_단수,2001,289
전남,건고추_단수,2002,296
전남,건고추_단수,2003,210
전남,건고추_단수,2004,294
전남,건고추_단수,2005,281
전남,건고추_단수,2006,217
전남,건고추_단수,2007,327.18344
전남,건고추_단수,2008,295.304
전남,건고추_단수,2009,234.83653
전남,건고추_단수,2010,237.64295
전남,건고추_단수,2011,224.71728
전남,건고추_단수,2012,229.10462
전남,건고추_단수,2013,277.2417
전남,건고추_단수,2014,241.96099
전남,건고추_단수,2015,283.09747
전남,건고추_단수,2016,264.0954
전남,건고추_단수,2017,227.93123
전남,건고추_단수,2018,239.06159
전남,건고추_단수,2019,232.24434
전남,건고추_단수,2020,212.3337
전남,건고추_단수,2021,261.444
전남,건고추_단수,2022,242.3125
전남,건고추_단수,2023,191.9741
전남,건고추_단수,2024,252.3922
전남,건고추_단수,2025,236.5589
전남,건고추_단수,2026,-
전남,건고추_생산량,2000,25589
전남,건고추_생산량,2001,27660
전남,건고추_생산량,2002,32798
전남,건고추_생산량,2003,18632
전남,건고추_생산량,2004,29199
전남,건고추_생산량,2005,27636
전남,건고추_생산량,2006,19203
전남,건고추_생산량,2007,30375.71033
전남,건고추_생산량,2008,24525.37747
전남,건고추_생산량,2009,17528.19842
전남,건고추_생산량,2010,18179.68603
전남,건고추_생산량,2011,16325.71059
전남,건고추_생산량,2012,18580.38453
전남,건고추_생산량,2013,24560.8422
전남,건고추_생산량,2014,16433.99013
전남,건고추_생산량,2015,17535.05698
전남,건고추_생산량,2016,14174
전남,건고추_생산량,2017,10077.05169
전남,건고추_생산량,2018,10651.44175
전남,건고추_생산량,2019,11412.722
전남,건고추_생산량,2020,9940.9114
전남,건고추_생산량,2021,13247.9675
전남,건고추_생산량,2022,10978.4668
전남,건고추_생산량,2023,7775.2802
전남,건고추_생산량,2024,10332.8989
전남,건고추_생산량,2025,9064.8966
전남,건고추_생산량,2026,-
전남,풋고추_면적,2000,1000
전남,풋고추_면적,2001,1149
전남,풋고추_면적,2002,1084
전남,풋고추_면적,2003,1017
전남,풋고추_면적,2004,1263
전남,풋고추_면적,2005,903
전남,풋고추_면적,2006,833
전남,풋고추_면적,2007,704
전남,풋고추_면적,2008,744
전남,풋고추_면적,2009,862
전남,풋고추_면적,2010,781
전남,풋고추_면적,2011,572
전남,풋고추_면적,2012,703
전남,풋고추_면적,2013,537
전남,풋고추_면적,2014,620
전남,풋고추_면적,2015,697
전남,풋고추_면적,2016,557
전남,풋고추_면적,2017,450.4993
전남,풋고추_면적,2018,426.3711
전남,풋고추_면적,2019,387.2782
전남,풋고추_면적,2020,512.878
전남,풋고추_면적,2021,733.2616
전남,풋고추_면적,2022,518.5272
전남,풋고추_면적,2023,566.0996
전남,풋고추_면적,2024,513.975
전남,풋고추_면적,2025,-
전남,풋고추_면적,2026,-
전남,풋고추_생산량,2000,31600
전남,풋고추_생산량,2001,38147
전남,풋고추_생산량,2002,32737
전남,풋고추_생산량,2003,30907
전남,풋고추_생산량,2004,43308
전남,풋고추_생산량,2005,37366
전남,풋고추_생산량,2006,33053
전남,풋고추_생산량,2007,25295
전남,풋고추_생산량,2008,27900
전남,풋고추_생산량,2009,31446
전남,풋고추_생산량,2010,28483
전남,풋고추_생산량,2011,18607
전남,풋고추_생산량,2012,23515
전남,풋고추_생산량,2013,17308
전남,풋고추_생산량,2014,19964
전남,풋고추_생산량,2015,22165
전남,풋고추_생산량,2016,18771
전남,풋고추_생산량,2017,16105
전남,풋고추_생산량,2018,13682
전남,풋고추_생산량,2019,13779
전남,풋고추_생산량,2020,18992
전남,풋고추_생산량,2021,27299
전남,풋고추_생산량,2022,19237
전남,풋고추_생산량,2023,21048
전남,풋고추_생산량,2024,18783
전남,풋고추_생산량,2025,-
전남,풋고추_생산량,2026,-
경북,건고추_면적,2000,18872
경북,건고추_면적,2001,18124
경북,건고추_면적,2002,18371
경북,건고추_면적,2003,15269
경북,건고추_면적,2004,16193
경북,건고추_면적,2005,15935
경북,건고추_면적,2006,13749
경북,건고추_면적,2007,14761
경북,건고추_면적,2008,12991
경북,건고추_면적,2009,11781
경북,건고추_면적,2010,11699
경북,건고추_면적,2011,10896
경북,건고추_면적,2012,12059
경북,건고추_면적,2013,10725
경북,건고추_면적,2014,8587
경북,건고추_면적,2015,8387
경북,건고추_면적,2016,7426
경북,건고추_면적,2017,6367.8027
경북,건고추_면적,2018,6768.0774
경북,건고추_면적,2019,7212.2173
경북,건고추_면적,2020,7906.2068
경북,건고추_면적,2021,8750.7304
경북,건고추_면적,2022,7896.6331
경북,건고추_면적,2023,7269.3087
경북,건고추_면적,2024,7280.3471
경북,건고추_면적,2025,7355.2107
경북,건고추_면적,2026,-
경북,건고추_단수,2000,270
경북,건고추_단수,2001,262
경북,건고추_단수,2002,278
경북,건고추_단수,2003,236
경북,건고추_단수,2004,261
경북,건고추_단수,2005,292
경북,건고추_단수,2006,246
경북,건고추_단수,2007,316.90731
경북,건고추_단수,2008,262.0045
경북,건고추_단수,2009,309.92822
경북,건고추_단수,2010,228.25078
경북,건고추_단수,2011,224.1294
경북,건고추_단수,2012,260.15846
경북,건고추_단수,2013,306.42171
경북,건고추_단수,2014,243.4116
경북,건고추_단수,2015,288.70742
경북,건고추_단수,2016,270.81875
경북,건고추_단수,2017,189.59054
경북,건고추_단수,2018,253.86145
경북,건고추_단수,2019,260.47057
경북,건고추_단수,2020,214.4513
경북,건고추_단수,2021,282.2487
경북,건고추_단수,2022,221.0546
경북,건고추_단수,2023,221.2606
경북,건고추_단수,2024,252.4408
경북,건고추_단수,2025,239.4979
경북,건고추_단수,2026,-
경북,건고추_생산량,2000,50874
경북,건고추_생산량,2001,47512
경북,건고추_생산량,2002,51024
경북,건고추_생산량,2003,35967
경북,건고추_생산량,2004,42243
경북,건고추_생산량,2005,46455
경북,건고추_생산량,2006,33830
경북,건고추_생산량,2007,46778.68836
경북,건고추_생산량,2008,34036.79815
경북,건고추_생산량,2009,36512.64356
경북,건고추_생산량,2010,26703.05933
경북,건고추_생산량,2011,24421.1397
경북,건고추_생산량,2012,31372.50856
경북,건고추_생산량,2013,32863.7282
경북,건고추_생산량,2014,20901.75443
경북,건고추_생산량,2015,24213.89097
경북,건고추_생산량,2016,20111
경북,건고추_생산량,2017,12072.75175
경북,건고추_생산량,2018,17181.53941
경북,건고추_생산량,2019,18785.70334
경북,건고추_생산량,2020,16954.9654
경북,건고추_생산량,2021,24698.8244
경북,건고추_생산량,2022,17455.8725
경북,건고추_생산량,2023,16084.1146
경북,건고추_생산량,2024,18378.563
경북,건고추_생산량,2025,17615.5727
경북,건고추_생산량,2026,-
경북,풋고추_면적,2000,383
경북,풋고추_면적,2001,403
경북,풋고추_면적,2002,292
경북,풋고추_면적,2003,437
경북,풋고추_면적,2004,446
경북,풋고추_면적,2005,606
경북,풋고추_면적,2006,574
경북,풋고추_면적,2007,544
경북,풋고추_면적,2008,547
경북,풋고추_면적,2009,294
경북,풋고추_면적,2010,423
경북,풋고추_면적,2011,261
경북,풋고추_면적,2012,295
경북,풋고추_면적,2013,277
경북,풋고추_면적,2014,138
경북,풋고추_면적,2015,196
경북,풋고추_면적,2016,216
경북,풋고추_면적,2017,155.8265
경북,풋고추_면적,2018,168.1748
경북,풋고추_면적,2019,157.8551
경북,풋고추_면적,2020,103.2206
경북,풋고추_면적,2021,150.9025
경북,풋고추_면적,2022,151.7707
경북,풋고추_면적,2023,143.577
경북,풋고추_면적,2024,150.6601
경북,풋고추_면적,2025,-
경북,풋고추_면적,2026,-
경북,풋고추_생산량,2000,9916
경북,풋고추_생산량,2001,8596
경북,풋고추_생산량,2002,6237
경북,풋고추_생산량,2003,10505
경북,풋고추_생산량,2004,9192
경북,풋고추_생산량,2005,15005
경북,풋고추_생산량,2006,15670
경북,풋고추_생산량,2007,13600
경북,풋고추_생산량,2008,13735
경북,풋고추_생산량,2009,6689
경북,풋고추_생산량,2010,11032
경북,풋고추_생산량,2011,7715
경북,풋고추_생산량,2012,8711
경북,풋고추_생산량,2013,7864
경북,풋고추_생산량,2014,3585
경북,풋고추_생산량,2015,4557
경북,풋고추_생산량,2016,6726
경북,풋고추_생산량,2017,5429
경북,풋고추_생산량,2018,3747
경북,풋고추_생산량,2019,5533
경북,풋고추_생산량,2020,3666
경북,풋고추_생산량,2021,5185
경북,풋고추_생산량,2022,5031
경북,풋고추_생산량,2023,4721
경북,풋고추_생산량,2024,5240
경북,풋고추_생산량,2025,-
경북,풋고추_생산량,2026,-
